service_date,trip_distance,fare_amount_sek,total_amount_sek,payment_type,passenger_count
2023-07-01,12.83,1989.53,2230.94,Credit Card,4
2023-06-09,15.77,2341.91,2363.39,Cash,2
2023-07-01,24.5,3390.38,3919.15,Mobile Payment,1
2023-06-30,2.78,783.56,937.5,Cash,1
2023-06-12,3.59,880.82,1099.96,Credit Card,2
2023-06-25,15.4,2298.38,2700.23,Credit Card,4
2023-06-23,1.75,659.64,669.71,Mobile Payment,3
2023-06-05,5.53,1113.9,1171.12,Cash,4
2023-06-20,14.11,2143.62,2506.01,Credit Card,2
2023-06-16,18.38,2655.03,3247.97,Cash,3
2023-06-10,9.29,1564.74,1822.87,Cash,1
2023-06-16,6.54,1234.8,1506.75,Cash,1
2023-06-27,7.56,1356.75,1392.89,Mobile Payment,4
2023-06-19,1.04,575.03,712.42,Credit Card,2
2023-06-09,22.54,3155.27,3658.24,Cash,2
2023-06-08,6.67,1250.06,1293.56,Credit Card,3
2023-06-14,5.57,1118.09,1119.69,Mobile Payment,1
2023-06-13,13.61,2083.2,2398.73,Credit Card,1
2023-06-06,16.82,2468.62,2987.91,Credit Card,2
2023-06-19,24.37,3373.9,3456.54,Credit Card,4
2023-06-09,13.68,2091.83,2210.27,Mobile Payment,4
2023-06-14,23.68,3291.18,4098.96,Credit Card,1
2023-06-11,15.64,2326.7,2679.12,Mobile Payment,3
2023-06-02,24.52,3392.63,4117.32,Mobile Payment,3
2023-06-09,20.88,2955.07,2957.84,Credit Card,3
2023-06-28,6.03,1173.59,1238.3,Mobile Payment,1
2023-06-21,20.84,2950.33,3181.14,Mobile Payment,3
2023-06-15,1.49,629.35,715.6,Mobile Payment,1
2023-06-18,16.31,2407.63,2474.26,Cash,1
2023-06-06,16.25,2399.71,2902.62,Credit Card,1
2023-06-10,5.29,1084.77,1277.38,Credit Card,3
2023-06-12,16.86,2473.22,2832.08,Mobile Payment,2
2023-06-20,16.15,2388.34,2741.67,Credit Card,3
2023-06-30,5.73,1137.56,1203.16,Mobile Payment,2
2023-06-26,22.36,3132.97,3531.26,Cash,2
2023-06-09,14.5,2190.09,2222.1,Credit Card,1
2023-06-24,12.12,1904.1,1932.32,Mobile Payment,4
2023-06-19,15.46,2305.28,2329.94,Credit Card,3
2023-06-27,3.75,899.68,1045.85,Credit Card,1
2023-06-08,9.99,1649.26,2019.97,Cash,1
2023-06-09,18.11,2622.92,2873.7,Cash,1
2023-06-14,2.99,808.65,996.46,Cash,3
2023-06-08,2.12,704.66,810.85,Mobile Payment,2
2023-06-07,1.44,622.62,774.91,Credit Card,4
2023-06-17,8.26,1441.22,1600.31,Cash,2
2023-06-06,23.33,3250.02,3818.49,Cash,4
2023-06-22,17.57,2558.17,2683.85,Mobile Payment,1
2023-06-01,1.89,676.9,694.63,Mobile Payment,1
2023-06-07,22.62,3164.11,3404.86,Credit Card,1
2023-07-01,24.6,3402.21,4181.12,Credit Card,3
2023-06-17,13.39,2057.4,2533.1,Mobile Payment,4
2023-06-01,2.61,763.03,829.97,Cash,4
2023-06-07,12.28,1923.11,2094.79,Mobile Payment,1
2023-06-01,24.76,3421.23,4149.6,Mobile Payment,3
2023-06-28,9.24,1558.64,1942.26,Mobile Payment,1
2023-06-03,5.51,1111.72,1282.75,Credit Card,4
2023-06-26,7.85,1391.84,1709.29,Credit Card,3
2023-06-12,21.34,3010.34,3758.24,Credit Card,2
2023-06-23,7.84,1390.34,1553.14,Cash,3
2023-06-12,4.66,1008.63,1239.22,Cash,4
2023-06-26,13.61,2083.26,2516.62,Credit Card,3
2023-06-05,14.04,2134.84,2594.62,Credit Card,2
2023-06-12,22.23,3117.53,3366.55,Cash,2
2023-06-28,15.69,2332.89,2812.12,Credit Card,2
2023-06-30,18.28,2644.02,3104.32,Credit Card,3
2023-06-08,15.01,2251.15,2338.55,Credit Card,1
2023-06-04,11.39,1817.25,2185.52,Credit Card,4
2023-07-01,1.82,668.33,749.4,Mobile Payment,1
2023-06-22,12.62,1964.92,2027.59,Cash,3
2023-06-03,18.39,2657.28,2661.88,Cash,2
2023-06-19,5.91,1159.2,1292.22,Cash,3
2023-06-18,15.07,2258.93,2263.18,Cash,3
2023-06-10,18.16,2628.71,2909.66,Cash,1
2023-06-14,2.92,800.7,947.16,Cash,2
2023-06-07,18.29,2645.14,3265.33,Credit Card,4
2023-06-16,1.42,619.91,713.16,Credit Card,2
2023-06-28,22.62,3164.66,3484.46,Cash,2
2023-06-05,15.4,2298.02,2675.34,Cash,1
2023-07-01,6.46,1225.29,1433.01,Cash,1
2023-06-24,2.42,740.38,829.46,Cash,4
2023-06-25,21.47,3026.85,3480.85,Credit Card,4
2023-06-04,15.79,2345.13,2466.47,Mobile Payment,4
2023-06-05,4.12,943.88,1102.72,Credit Card,1
2023-06-05,15.46,2305.29,2841.9,Credit Card,3
2023-06-04,23.76,3301.3,3653.53,Cash,2
2023-06-10,18.62,2684.32,3046.23,Credit Card,3
2023-06-10,21.43,3021.31,3302.33,Mobile Payment,3
2023-06-30,15.66,2329.55,2906.11,Mobile Payment,3
2023-06-16,13.96,2124.62,2585.02,Credit Card,3
2023-06-23,14.13,2145.77,2566.1,Cash,4
2023-06-22,17.2,2514.44,2696.99,Cash,2
2023-06-12,21.24,2999.18,3701.59,Credit Card,1
2023-06-13,11.16,1789.56,1990.6,Mobile Payment,1
2023-06-09,14.03,2133.59,2391.01,Credit Card,1
2023-06-02,8.63,1486.14,1845.2,Credit Card,1
2023-06-22,24.33,3369.17,3482.95,Credit Card,1
2023-06-13,17.56,2556.74,3084.24,Cash,3
2023-06-14,14.91,2238.9,2624.69,Mobile Payment,4
2023-06-16,0.58,519.91,644.36,Cash,1
2023-06-29,12.23,1917.56,1997.27,Mobile Payment,3
2023-06-05,10.18,1672.01,2078.71,Credit Card,4
2023-06-09,1.78,663.45,681.57,Mobile Payment,1
2023-06-24,7.79,1384.56,1662.59,Mobile Payment,1
2023-06-18,15.56,2316.73,2558.68,Credit Card,4
2023-06-30,12.66,1968.65,2075.72,Cash,1
2023-06-27,7.85,1392.38,1638.33,Mobile Payment,3
2023-06-14,11.18,1791.61,2035.94,Credit Card,3
2023-06-28,4.32,968.22,1029.55,Credit Card,1
2023-06-28,17.91,2598.87,2906.94,Mobile Payment,4
2023-06-24,20.12,2864.44,3010.9,Cash,2
2023-06-16,23.06,3217.03,3901.79,Mobile Payment,3
2023-06-11,16.53,2433.24,3001.11,Cash,1
2023-06-15,4.38,975.74,979.89,Cash,2
2023-06-25,5.63,1125.56,1374.65,Credit Card,4
2023-06-16,1.82,668.43,781.42,Mobile Payment,2
2023-06-13,2.41,739.0,849.5,Cash,2
2023-06-04,21.46,3025.05,3302.43,Cash,3
2023-06-18,3.03,813.59,920.3,Credit Card,4
2023-07-01,22.39,3136.88,3827.76,Cash,3
2023-06-06,22.06,3097.29,3681.89,Credit Card,1
2023-06-24,12.94,2002.46,2278.9,Cash,4
2023-06-21,6.36,1213.21,1435.57,Credit Card,1
2023-06-28,14.33,2169.97,2507.42,Cash,4
2023-06-27,10.15,1667.77,1766.02,Mobile Payment,3
2023-06-24,5.58,1119.96,1356.37,Mobile Payment,1
2023-06-11,4.41,979.59,1078.45,Mobile Payment,4
2023-06-27,0.66,529.33,595.81,Mobile Payment,1
2023-06-29,15.02,2252.38,2738.38,Cash,2
2023-06-08,21.51,3031.66,3306.45,Cash,3
2023-06-21,16.41,2418.71,2951.77,Credit Card,4
2023-06-18,2.75,780.47,891.44,Credit Card,2
2023-06-15,12.81,1986.92,2046.68,Mobile Payment,2
2023-06-29,5.41,1099.72,1249.27,Cash,3
2023-06-09,5.23,1077.14,1257.58,Credit Card,3
2023-06-15,6.19,1192.74,1392.56,Cash,4
2023-06-30,4.8,1025.88,1045.71,Cash,1
2023-06-15,21.14,2986.84,3307.75,Mobile Payment,4
2023-06-13,23.59,3280.69,3947.56,Credit Card,1
2023-06-02,20.75,2940.05,3358.45,Cash,4
2023-06-24,18.35,2652.01,2839.61,Mobile Payment,3
2023-06-05,12.44,1942.36,2104.78,Credit Card,2
2023-06-11,17.24,2518.51,2959.39,Credit Card,1
2023-06-03,4.41,979.56,1099.8,Cash,2
2023-06-16,4.74,1019.39,1029.0,Credit Card,3
2023-06-15,6.2,1194.52,1329.15,Mobile Payment,2
2023-06-09,7.68,1371.42,1585.9,Cash,3
2023-06-08,21.43,3021.63,3080.22,Mobile Payment,4
2023-06-20,13.06,2016.8,2157.6,Credit Card,2
2023-07-01,22.76,3181.34,3630.76,Credit Card,4
2023-07-01,13.62,2084.28,2352.62,Mobile Payment,3
2023-06-28,16.76,2461.77,2497.92,Cash,2
2023-06-02,16.69,2452.78,2523.65,Mobile Payment,4
2023-06-24,4.79,1024.95,1247.09,Cash,4
2023-06-19,20.2,2874.46,3530.7,Credit Card,4
2023-06-22,19.68,2811.96,3090.43,Mobile Payment,4
2023-06-10,11.34,1810.62,2144.99,Mobile Payment,3
2023-06-06,24.24,3358.82,3990.89,Credit Card,2
2023-06-23,5.94,1162.25,1222.92,Cash,2
2023-06-14,20.01,2851.61,3010.77,Credit Card,3
2023-06-02,4.08,939.99,942.05,Credit Card,1
2023-06-08,14.87,2234.82,2276.72,Cash,2
2023-06-26,24.46,3385.31,3480.56,Credit Card,3
2023-06-03,11.63,1846.02,1861.94,Credit Card,3
2023-06-08,5.92,1160.98,1339.06,Mobile Payment,1
2023-06-18,9.43,1581.03,1608.06,Credit Card,4
2023-06-28,20.17,2870.77,3372.77,Credit Card,1
2023-06-15,7.89,1396.37,1605.66,Cash,2
2023-06-19,13.87,2114.49,2157.35,Mobile Payment,2
2023-06-01,14.55,2196.29,2287.41,Credit Card,3
2023-06-18,14.82,2228.2,2730.36,Cash,4
2023-06-07,19.24,2759.05,2865.74,Cash,1
2023-06-19,6.18,1191.29,1440.31,Mobile Payment,3
2023-06-24,12.09,1900.43,2235.57,Mobile Payment,3
2023-06-08,4.22,956.02,1127.1,Credit Card,1
2023-06-23,20.87,2954.28,2989.41,Mobile Payment,3
2023-06-15,15.44,2303.32,2610.21,Cash,2
2023-06-11,13.3,2045.98,2220.4,Credit Card,3
2023-06-22,15.05,2255.56,2393.11,Mobile Payment,2
2023-06-19,23.09,3221.03,3388.45,Mobile Payment,1
2023-06-06,17.0,2490.0,3101.04,Mobile Payment,3
2023-06-23,10.39,1696.54,1827.07,Mobile Payment,4
2023-06-09,21.72,3056.19,3278.44,Mobile Payment,3
2023-06-12,3.91,918.81,996.8,Credit Card,2
2023-06-13,12.8,1985.61,2413.07,Cash,4
2023-06-06,17.89,2596.27,3108.45,Credit Card,3
2023-06-29,22.1,3102.55,3389.81,Mobile Payment,2
2023-06-09,18.32,2648.86,3182.96,Mobile Payment,4
2023-06-17,13.37,2054.42,2468.3,Cash,1
2023-06-19,17.58,2560.16,3184.34,Cash,1
2023-06-12,2.57,758.92,917.37,Credit Card,1
2023-06-24,0.86,553.07,636.61,Mobile Payment,1
2023-06-10,4.32,967.87,1025.75,Credit Card,2
2023-06-02,24.5,3390.47,4132.77,Credit Card,2
2023-06-11,14.4,2177.59,2216.53,Credit Card,1
2023-06-17,15.94,2362.3,2363.58,Credit Card,4
2023-06-23,24.77,3422.16,3937.76,Cash,1
2023-06-19,4.55,995.41,1177.15,Credit Card,2
2023-06-20,6.77,1261.81,1434.44,Mobile Payment,4
2023-06-09,1.63,645.54,667.95,Credit Card,1
2023-06-13,7.21,1315.28,1514.48,Credit Card,4
2023-06-05,21.26,3000.92,3418.79,Credit Card,1
2023-06-13,0.53,513.49,624.25,Credit Card,3
2023-06-15,3.69,893.29,1103.31,Cash,4
2023-06-16,23.87,3314.78,3506.98,Credit Card,1
2023-06-17,20.24,2879.04,2934.75,Mobile Payment,4
2023-06-10,0.68,532.05,605.42,Mobile Payment,2
2023-06-26,0.88,555.52,615.86,Mobile Payment,4
2023-06-02,4.43,981.03,1048.14,Mobile Payment,1
2023-06-27,2.33,729.51,827.92,Mobile Payment,1
2023-06-04,22.1,3102.54,3193.16,Cash,4
2023-06-28,10.9,1758.28,2171.42,Mobile Payment,1
2023-06-27,8.26,1441.62,1461.02,Cash,3
2023-06-16,8.48,1467.52,1561.44,Mobile Payment,2
2023-06-22,15.53,2313.48,2497.88,Credit Card,2
2023-06-17,8.37,1454.56,1667.2,Cash,3
2023-06-24,6.11,1182.87,1196.19,Credit Card,3
2023-06-01,1.13,585.57,706.6,Cash,1
2023-06-27,10.56,1716.91,2070.06,Mobile Payment,1
2023-06-28,12.28,1923.72,2174.66,Credit Card,4
2023-06-29,20.7,2934.04,3523.29,Cash,2
2023-07-01,17.03,2493.42,2673.1,Credit Card,1
2023-06-02,10.95,1763.76,2127.37,Cash,4
2023-06-11,3.84,911.11,999.7,Credit Card,1
2023-06-18,3.39,856.71,1051.34,Credit Card,1
2023-06-19,12.58,1959.77,2162.01,Credit Card,3
2023-06-21,10.02,1652.17,1776.37,Cash,4
2023-06-05,12.98,2008.01,2164.74,Credit Card,2
2023-06-11,20.34,2890.3,3592.05,Cash,1
2023-06-30,8.98,1527.94,1888.9,Credit Card,2
2023-06-10,9.82,1628.02,1725.87,Mobile Payment,3
2023-06-08,12.5,1950.45,2166.34,Cash,1
2023-06-19,7.41,1338.77,1664.03,Credit Card,3
2023-06-16,16.85,2471.42,3017.22,Cash,4
2023-06-16,0.87,553.85,681.53,Credit Card,4
2023-06-20,19.63,2806.15,3004.62,Cash,3
2023-06-17,23.62,3284.05,3792.02,Credit Card,1
2023-06-17,23.55,3275.85,3463.52,Cash,2
2023-06-25,16.72,2456.75,2694.25,Mobile Payment,4
2023-06-19,16.43,2421.37,3012.49,Cash,3
2023-06-16,14.49,2188.49,2315.3,Mobile Payment,2
2023-06-30,11.1,1781.7,2097.61,Credit Card,4
2023-06-26,9.79,1625.4,1831.72,Credit Card,1
2023-06-27,23.54,3275.08,4084.25,Mobile Payment,4
2023-06-17,6.78,1263.59,1557.32,Cash,4
2023-06-16,21.68,3052.18,3260.69,Cash,1
2023-06-26,0.74,538.47,613.94,Mobile Payment,2
2023-06-05,11.87,1874.51,1962.7,Mobile Payment,4
2023-06-06,6.85,1272.17,1278.11,Cash,1
2023-06-15,1.55,636.21,647.33,Mobile Payment,4
2023-07-01,23.34,3251.27,3931.34,Credit Card,4
2023-06-06,16.7,2453.71,2652.66,Cash,2
2023-06-16,1.94,682.82,813.33,Credit Card,3
2023-06-05,24.08,3340.08,3813.88,Credit Card,3
2023-06-28,2.18,711.24,808.04,Credit Card,4
2023-06-28,19.74,2819.16,3480.3,Cash,3
2023-06-09,8.26,1441.5,1621.72,Cash,4
2023-06-27,1.32,608.91,711.27,Mobile Payment,1
2023-06-13,7.15,1307.98,1345.09,Cash,1
2023-06-01,1.93,681.48,733.99,Mobile Payment,2
2023-06-19,16.89,2477.24,3043.03,Credit Card,3
2023-06-25,13.99,2128.52,2307.48,Cash,1
2023-06-05,22.63,3165.92,3701.31,Cash,4
2023-06-01,9.16,1549.26,1592.92,Mobile Payment,3
2023-06-25,13.35,2051.76,2127.61,Cash,2
2023-06-20,12.05,1895.46,2203.27,Mobile Payment,4
2023-06-17,9.3,1565.82,1770.96,Mobile Payment,1
2023-06-02,21.57,3038.91,3666.38,Cash,2
2023-06-10,22.9,3198.13,3391.05,Credit Card,3
2023-06-03,0.65,528.43,608.52,Cash,1
2023-06-08,16.62,2444.47,2595.43,Mobile Payment,4
2023-06-09,24.02,3332.48,4000.88,Credit Card,2
2023-06-08,16.51,2430.73,2441.28,Cash,3
2023-06-24,4.15,947.69,982.35,Cash,3
2023-06-20,12.91,1999.71,2276.57,Cash,4
2023-06-03,22.97,3206.31,3381.9,Cash,1
2023-06-12,13.91,2119.65,2462.5,Cash,4
2023-06-22,12.52,1952.3,2350.74,Mobile Payment,2
2023-06-08,1.31,607.7,743.52,Mobile Payment,2
2023-06-11,24.98,3448.15,3590.47,Credit Card,3
2023-06-20,15.26,2280.81,2674.1,Cash,3
2023-06-10,21.15,2987.92,3583.69,Mobile Payment,4
2023-06-30,2.64,766.72,839.51,Mobile Payment,2
2023-06-29,20.89,2956.27,3474.99,Cash,2
2023-06-14,19.31,2767.4,3405.76,Cash,3
2023-06-08,2.51,750.87,892.81,Credit Card,3
2023-06-05,3.38,856.14,1064.82,Cash,3
2023-06-28,14.91,2239.5,2466.79,Cash,2
2023-06-05,12.55,1956.51,1981.9,Mobile Payment,4
2023-06-08,7.01,1291.18,1552.01,Cash,3
2023-06-10,14.43,2181.54,2392.25,Mobile Payment,1
2023-06-14,24.32,3368.35,4002.61,Credit Card,2
2023-06-01,9.24,1558.46,1818.59,Mobile Payment,3
2023-06-12,15.03,2253.53,2605.47,Cash,3
2023-06-06,24.57,3398.67,3634.74,Credit Card,1
2023-06-17,2.37,733.95,811.06,Credit Card,2
2023-06-16,6.16,1188.97,1254.07,Cash,3
2023-06-11,21.44,3022.41,3734.31,Credit Card,1
2023-06-25,5.58,1119.7,1162.75,Cash,1
2023-06-11,6.59,1240.7,1548.75,Cash,2
2023-06-06,14.69,2212.56,2731.94,Credit Card,1
2023-06-20,9.29,1564.95,1824.55,Mobile Payment,4
2023-06-05,21.13,2985.95,3391.89,Mobile Payment,4
2023-06-19,7.89,1396.26,1641.25,Credit Card,2
2023-06-26,2.48,747.24,812.47,Mobile Payment,2
2023-06-15,15.25,2279.5,2624.51,Mobile Payment,4
2023-06-27,16.62,2444.77,2853.68,Credit Card,2
2023-06-17,23.5,3270.41,3927.0,Mobile Payment,4
2023-06-12,17.75,2579.5,2976.49,Cash,1
2023-06-24,9.52,1592.56,1715.44,Cash,2
2023-06-05,3.66,889.3,981.92,Credit Card,2
2023-06-22,13.91,2118.98,2158.47,Mobile Payment,3
2023-06-30,15.16,2269.51,2340.91,Credit Card,2
2023-07-01,11.18,1791.47,1929.67,Cash,3
2023-06-17,15.91,2359.75,2568.86,Credit Card,1
2023-06-17,12.84,1991.05,2065.11,Cash,2
2023-06-05,21.36,3012.78,3193.79,Credit Card,3
2023-06-14,1.84,671.17,703.27,Credit Card,1
2023-06-16,2.96,805.29,832.34,Mobile Payment,2
2023-06-05,9.78,1624.03,1929.26,Mobile Payment,1
2023-06-29,19.08,2739.72,3217.97,Cash,4
2023-06-13,12.8,1985.97,2435.63,Cash,3
2023-06-25,8.09,1421.04,1455.35,Cash,4
2023-06-08,5.48,1107.55,1129.91,Cash,4
2023-06-24,13.26,2041.46,2392.5,Mobile Payment,3
2023-06-14,9.36,1573.49,1665.57,Credit Card,3
2023-06-15,4.8,1026.46,1183.16,Credit Card,2
2023-07-01,24.01,3331.59,3697.31,Cash,2
2023-06-22,6.72,1255.95,1338.38,Credit Card,4
2023-06-18,0.67,529.94,659.62,Cash,1
2023-06-20,17.02,2491.82,2740.3,Credit Card,1
2023-06-03,23.97,3325.83,3571.61,Mobile Payment,2
2023-06-15,0.79,545.39,612.53,Cash,3
2023-06-12,0.99,568.61,669.15,Credit Card,1
2023-06-11,17.46,2544.82,2964.39,Mobile Payment,1
2023-06-14,6.01,1171.31,1280.37,Cash,2
2023-06-27,2.14,707.02,782.82,Mobile Payment,1
2023-06-26,10.32,1688.66,1741.23,Mobile Payment,2
2023-06-19,22.9,3198.02,3830.42,Mobile Payment,3
2023-06-15,4.9,1037.86,1226.18,Credit Card,3
2023-06-23,3.86,912.73,1028.78,Mobile Payment,2
2023-06-04,15.67,2330.44,2619.09,Cash,3
2023-06-24,14.08,2140.18,2167.36,Cash,1
2023-06-13,21.95,3084.6,3223.9,Credit Card,1
2023-06-20,5.88,1155.96,1276.0,Credit Card,3
2023-06-26,20.31,2887.04,3562.45,Credit Card,1
2023-06-21,1.48,627.75,654.54,Credit Card,3
2023-06-12,22.62,3164.41,3778.5,Mobile Payment,1
2023-06-13,24.62,3404.08,3479.12,Cash,3
2023-06-22,13.15,2028.26,2462.38,Mobile Payment,3
2023-06-13,21.69,3052.9,3703.05,Mobile Payment,2
2023-06-17,19.49,2789.18,2818.06,Mobile Payment,3
2023-06-10,14.64,2207.36,2234.89,Cash,3
2023-06-30,7.46,1345.57,1655.05,Mobile Payment,3
2023-06-07,12.1,1902.31,2047.95,Mobile Payment,1
2023-06-16,8.02,1412.19,1701.16,Credit Card,2
2023-06-19,7.43,1341.81,1641.35,Mobile Payment,2
2023-06-12,10.46,1705.3,2125.74,Cash,3
2023-06-06,9.58,1599.34,1934.31,Credit Card,2
2023-06-10,18.38,2655.36,2936.67,Mobile Payment,4
2023-06-25,23.58,3279.22,3540.86,Credit Card,3
2023-06-16,8.32,1448.67,1747.27,Credit Card,2
2023-06-25,23.25,3240.12,3989.77,Mobile Payment,2
2023-06-14,13.34,2050.23,2551.28,Credit Card,4
2023-06-02,21.35,3012.11,3067.87,Cash,2
2023-06-14,24.27,3362.06,3780.24,Credit Card,2
2023-06-14,6.82,1268.98,1368.29,Mobile Payment,1
2023-06-01,8.64,1486.26,1833.63,Mobile Payment,1
2023-06-20,21.12,2984.75,3198.92,Cash,2
2023-06-18,8.98,1527.53,1573.95,Mobile Payment,3
2023-06-07,0.59,521.38,537.31,Credit Card,3
2023-07-01,3.41,858.9,989.27,Credit Card,2
2023-06-07,15.21,2275.28,2511.81,Cash,3
2023-06-16,7.59,1361.26,1652.31,Credit Card,2
2023-06-07,10.34,1690.98,1910.5,Credit Card,3
2023-06-26,10.61,1723.79,1728.03,Cash,4
2023-06-05,3.1,821.51,987.61,Credit Card,1
2023-06-27,14.15,2148.55,2232.97,Cash,4
2023-06-17,7.41,1339.1,1555.39,Mobile Payment,4
2023-06-10,6.01,1171.42,1385.95,Mobile Payment,4
2023-06-02,12.56,1957.2,2148.29,Cash,4
2023-06-20,6.24,1198.37,1334.83,Credit Card,3
2023-06-05,2.78,783.85,882.64,Cash,3
2023-06-08,10.19,1672.51,2028.84,Cash,2
2023-06-11,15.41,2299.2,2624.91,Mobile Payment,3
2023-06-12,3.38,856.09,953.53,Cash,4
2023-06-20,24.21,3354.71,3959.36,Cash,4
2023-06-08,10.64,1726.52,2030.28,Credit Card,1
2023-06-08,21.63,3045.88,3488.5,Credit Card,3
2023-06-20,10.13,1665.07,2053.57,Cash,1
2023-06-26,15.31,2287.22,2828.7,Credit Card,2
2023-06-19,22.27,3122.67,3658.04,Credit Card,4
2023-06-15,23.77,3301.98,3351.89,Mobile Payment,1
2023-06-26,21.44,3022.33,3739.49,Credit Card,1
2023-06-06,0.97,566.58,569.12,Cash,4
2023-06-21,24.69,3412.25,3419.9,Mobile Payment,1
2023-06-18,21.03,2973.3,3651.22,Cash,4
2023-06-21,13.54,2074.22,2404.79,Cash,3
2023-06-23,9.05,1535.54,1917.67,Mobile Payment,3
2023-06-19,22.32,3127.84,3579.82,Mobile Payment,2
2023-06-29,6.78,1263.98,1430.27,Mobile Payment,1
2023-06-10,6.24,1198.59,1460.32,Credit Card,3
2023-06-27,2.26,721.14,858.37,Mobile Payment,2
2023-06-01,13.78,2103.58,2294.31,Credit Card,2
2023-06-03,21.43,3021.01,3059.12,Cash,1
2023-06-30,18.88,2715.94,2733.78,Credit Card,1
2023-06-03,8.26,1441.75,1755.32,Mobile Payment,1
2023-06-15,23.66,3289.7,3732.23,Mobile Payment,4
2023-06-19,17.43,2542.07,2909.05,Cash,3
2023-06-23,22.11,3103.22,3306.55,Cash,2
2023-06-16,19.0,2729.7,3371.85,Credit Card,3
2023-06-25,1.91,679.39,722.94,Cash,3
2023-06-06,11.25,1800.04,1838.91,Credit Card,4
2023-06-15,10.95,1763.85,2034.93,Credit Card,4
2023-06-12,24.13,3345.93,3708.18,Mobile Payment,1
2023-06-09,0.72,536.36,557.22,Cash,4
2023-06-26,16.53,2434.09,2673.32,Credit Card,4
2023-06-21,3.56,877.38,933.3,Mobile Payment,3
2023-06-27,4.39,976.78,1102.99,Cash,4
2023-07-01,10.48,1707.54,1933.46,Mobile Payment,3
2023-06-21,9.79,1625.35,1669.33,Cash,4
2023-06-26,5.63,1126.0,1188.12,Credit Card,4
2023-06-19,21.38,3015.23,3349.11,Credit Card,3
2023-06-19,13.2,2034.09,2120.92,Credit Card,1
2023-06-12,20.63,2925.81,3594.02,Cash,4
2023-06-22,22.56,3157.3,3164.38,Credit Card,3
2023-06-24,18.93,2721.85,3197.86,Cash,2
2023-06-30,17.24,2518.88,2632.32,Cash,2
2023-06-10,15.14,2267.37,2634.19,Cash,1
2023-06-11,6.96,1284.62,1568.1,Credit Card,1
2023-06-22,1.5,630.01,687.03,Mobile Payment,3
2023-06-15,10.02,1652.63,1815.85,Credit Card,3
2023-06-07,1.96,685.42,715.81,Mobile Payment,1
2023-06-21,11.45,1823.47,2127.17,Mobile Payment,4
2023-06-18,8.31,1447.63,1722.85,Cash,1
2023-06-27,18.72,2696.49,2770.2,Mobile Payment,4
2023-06-02,17.22,2516.08,2736.84,Mobile Payment,2
2023-06-24,5.85,1151.94,1230.0,Mobile Payment,4
2023-06-22,14.73,2217.6,2641.13,Mobile Payment,1
2023-06-16,15.62,2324.39,2764.15,Credit Card,4
2023-06-20,18.08,2619.01,2817.91,Cash,3
2023-06-22,24.56,3397.47,3792.06,Mobile Payment,1
2023-06-14,8.35,1452.59,1462.93,Credit Card,2
2023-06-26,11.32,1808.26,1942.88,Credit Card,4
2023-06-01,11.66,1849.33,2107.62,Credit Card,2
2023-06-21,24.88,3435.75,3464.9,Mobile Payment,4
2023-06-17,14.98,2247.55,2440.37,Mobile Payment,2
2023-06-23,21.17,2990.73,3630.09,Mobile Payment,1
2023-06-01,11.01,1771.62,1964.27,Credit Card,4
2023-06-06,15.27,2282.21,2763.29,Cash,1
2023-06-17,7.65,1368.09,1519.17,Credit Card,2
2023-06-26,14.67,2209.86,2564.63,Credit Card,1
2023-06-01,7.19,1313.19,1547.84,Mobile Payment,2
2023-06-09,17.93,2601.15,3103.57,Mobile Payment,2
2023-06-27,16.3,2406.11,2580.52,Cash,2
2023-06-26,17.9,2598.54,3026.22,Credit Card,1
2023-06-18,21.91,3079.61,3825.33,Credit Card,4
2023-06-08,14.79,2224.53,2295.77,Cash,4
2023-06-03,18.7,2693.72,3059.71,Credit Card,2
2023-07-01,21.46,3024.67,3240.06,Cash,3
2023-06-01,1.07,577.97,712.75,Cash,1
2023-06-27,18.46,2664.73,2910.61,Cash,1
2023-06-16,11.95,1884.39,2055.29,Cash,2
2023-06-09,21.47,3026.59,3266.16,Cash,3
2023-06-15,23.73,3297.17,3980.3,Cash,3
2023-06-12,17.17,2510.84,3066.16,Credit Card,3
2023-06-28,13.94,2123.03,2133.47,Cash,1
2023-06-29,5.08,1059.81,1137.63,Credit Card,2
2023-06-11,16.18,2391.23,2558.32,Mobile Payment,4
2023-06-18,6.53,1234.04,1314.77,Cash,2
2023-06-06,24.82,3428.33,3586.94,Credit Card,4
2023-06-22,21.41,3018.62,3244.16,Credit Card,1
2023-06-29,17.97,2606.81,2896.61,Credit Card,1
2023-06-11,10.06,1657.43,2046.92,Credit Card,3
2023-06-07,14.11,2142.64,2285.8,Credit Card,3
2023-06-22,13.76,2100.69,2442.08,Cash,4
2023-06-25,5.04,1054.54,1207.2,Mobile Payment,4
2023-06-08,13.53,2074.12,2466.66,Mobile Payment,2
2023-06-08,13.73,2097.12,2180.93,Credit Card,1
2023-06-16,22.61,3163.66,3422.68,Cash,2
2023-06-14,23.92,3320.66,3902.59,Credit Card,3
2023-06-10,20.12,2864.46,3430.27,Credit Card,1
2023-06-25,9.1,1541.72,1691.63,Credit Card,4
2023-06-25,19.48,2787.67,3199.35,Cash,4
2023-06-15,3.04,814.45,839.52,Credit Card,1
2023-06-11,21.56,3037.31,3705.06,Mobile Payment,1
2023-06-03,2.51,751.53,852.95,Credit Card,4
2023-06-14,9.66,1608.95,1921.2,Cash,4
2023-07-01,12.18,1911.8,2014.07,Credit Card,2
2023-07-01,23.75,3299.44,3860.15,Cash,3
2023-06-12,4.26,960.76,1007.12,Credit Card,1
2023-06-05,23.81,3306.85,4005.61,Mobile Payment,4
2023-06-16,11.33,1809.68,2186.79,Mobile Payment,2
2023-06-11,11.28,1803.84,1969.62,Credit Card,4
2023-06-30,14.3,2165.49,2564.1,Cash,3
2023-06-06,20.04,2854.43,2978.33,Credit Card,2
2023-06-25,6.5,1229.7,1459.87,Cash,2
2023-06-03,20.22,2875.86,2931.85,Cash,3
2023-06-26,9.42,1579.95,1836.68,Cash,2
2023-06-08,8.2,1434.4,1494.53,Credit Card,2
2023-06-26,5.34,1091.31,1123.44,Mobile Payment,3
2023-06-23,9.0,1529.51,1844.05,Cash,2
2023-06-08,14.29,2164.46,2440.8,Credit Card,4
2023-06-07,21.25,2999.49,3732.37,Credit Card,2
2023-06-01,11.3,1806.58,1843.5,Credit Card,1
2023-06-18,11.14,1786.83,2158.14,Cash,2
2023-06-16,13.64,2086.68,2302.05,Cash,2
2023-06-12,20.68,2931.68,3001.42,Cash,2
2023-06-09,23.91,3319.76,3750.76,Credit Card,4
2023-06-15,14.21,2155.54,2406.21,Cash,2
2023-06-07,14.96,2245.12,2679.08,Credit Card,3
2023-06-28,23.15,3228.49,3335.2,Mobile Payment,3
2023-06-16,9.58,1599.31,1612.54,Cash,3
2023-06-23,1.98,687.09,800.21,Credit Card,4
2023-06-23,6.42,1220.57,1367.44,Cash,3
2023-06-01,1.2,593.76,715.68,Mobile Payment,2
2023-06-13,23.7,3294.2,3633.34,Credit Card,3
2023-06-04,15.33,2289.71,2508.24,Credit Card,1
2023-06-05,6.88,1275.81,1278.87,Credit Card,2
2023-06-09,0.88,555.22,634.42,Cash,1
2023-06-04,5.0,1049.54,1212.0,Credit Card,2
2023-06-21,20.77,2942.07,3350.48,Mobile Payment,1
2023-06-11,16.56,2437.28,2904.48,Cash,1
2023-06-28,22.23,3117.92,3667.47,Credit Card,3
2023-06-20,5.06,1057.69,1255.27,Credit Card,2
2023-06-05,1.98,687.15,791.78,Mobile Payment,4
2023-06-24,2.0,689.99,779.04,Cash,4
2023-06-14,6.59,1240.55,1422.4,Mobile Payment,1
2023-06-18,8.64,1486.94,1677.54,Cash,3
2023-06-20,23.71,3294.81,3755.69,Cash,2
2023-06-28,9.02,1532.5,1863.81,Credit Card,1
2023-06-01,1.75,660.24,763.81,Mobile Payment,3
2023-06-09,9.04,1535.34,1582.6,Cash,4
2023-06-13,20.78,2944.0,3495.3,Cash,3
2023-06-02,8.09,1421.32,1583.13,Mobile Payment,4
2023-06-23,13.93,2122.17,2510.4,Mobile Payment,1
2023-06-24,16.52,2432.56,2677.25,Mobile Payment,1
2023-06-07,12.85,1992.25,2373.91,Cash,3
2023-06-26,7.93,1401.74,1616.38,Credit Card,4
2023-06-24,5.12,1064.8,1317.96,Credit Card,4
2023-06-11,9.59,1600.45,1709.53,Credit Card,3
2023-06-06,19.13,2745.88,3241.94,Cash,4
2023-06-23,16.57,2438.3,2813.78,Cash,3
2023-06-03,11.82,1868.0,2052.61,Credit Card,4
2023-06-30,6.55,1235.59,1488.69,Mobile Payment,4
2023-06-29,6.25,1200.42,1484.55,Cash,1
2023-06-12,5.65,1128.04,1274.68,Cash,3
2023-06-12,16.26,2400.85,2870.19,Cash,3
2023-06-09,9.66,1609.04,1640.25,Credit Card,2
2023-06-12,11.95,1884.37,2069.77,Cash,1
2023-06-14,1.56,637.7,725.3,Mobile Payment,1
2023-06-01,11.81,1867.31,1867.52,Cash,2
2023-06-04,19.59,2801.01,2875.79,Mobile Payment,3
2023-06-08,6.45,1223.6,1466.1,Credit Card,2
2023-06-16,5.61,1123.36,1294.4,Mobile Payment,3
2023-06-05,3.03,813.79,948.88,Credit Card,3
2023-06-07,7.34,1330.81,1445.34,Mobile Payment,3
2023-06-27,0.72,536.61,594.04,Credit Card,2
2023-06-28,23.29,3244.72,3844.87,Cash,3
2023-06-13,8.75,1500.59,1702.84,Cash,3
2023-06-26,15.23,2277.1,2817.67,Cash,1
2023-06-04,18.32,2647.92,2846.26,Mobile Payment,3
2023-06-12,24.39,3376.38,3895.61,Cash,4
2023-06-05,19.13,2745.58,3100.72,Mobile Payment,1
2023-06-13,13.22,2036.58,2494.8,Credit Card,1
2023-06-15,21.76,3060.95,3479.51,Mobile Payment,4
2023-06-28,11.06,1777.3,2031.83,Cash,1
2023-06-11,19.69,2813.15,3212.67,Cash,1
2023-06-01,5.04,1054.53,1300.84,Cash,4
2023-06-02,21.19,2992.48,3042.96,Credit Card,2
2023-06-12,23.63,3285.46,3381.2,Mobile Payment,2
2023-07-01,23.39,3257.09,3442.95,Cash,4
2023-06-02,12.34,1930.45,2384.5,Mobile Payment,2
2023-06-12,23.77,3302.52,3676.91,Mobile Payment,4
2023-06-23,12.78,1983.44,2008.16,Credit Card,2
2023-06-10,9.44,1582.69,1627.76,Mobile Payment,1
2023-06-15,3.97,926.07,1064.2,Mobile Payment,2
2023-06-05,4.59,1000.3,1116.74,Credit Card,3
2023-06-13,10.25,1680.58,2034.31,Credit Card,1
2023-06-10,19.03,2733.94,3319.43,Cash,1
2023-06-18,14.27,2162.09,2416.21,Mobile Payment,1
2023-06-01,2.61,762.86,765.02,Credit Card,4
2023-06-30,7.53,1353.68,1370.22,Credit Card,3
2023-06-14,10.99,1768.2,1859.87,Cash,2
2023-06-13,24.84,3431.18,4152.4,Mobile Payment,2
2023-06-22,7.23,1317.24,1351.56,Credit Card,4
2023-06-22,19.83,2830.14,3323.17,Cash,1
2023-06-14,8.32,1448.58,1731.02,Credit Card,1
2023-06-02,11.3,1805.83,2039.28,Credit Card,2
2023-06-02,21.08,2979.23,3668.01,Cash,3
2023-06-27,10.43,1701.44,1871.99,Credit Card,2
2023-06-16,2.46,745.16,904.14,Credit Card,1
2023-06-24,17.53,2553.88,2756.15,Cash,3
2023-06-23,20.92,2960.69,3034.99,Mobile Payment,2
2023-06-24,16.36,2413.24,2796.73,Cash,3
2023-06-04,23.71,3294.9,3373.94,Cash,1
2023-06-04,4.33,969.5,971.64,Credit Card,4
2023-06-21,7.06,1297.09,1497.55,Mobile Payment,3
2023-06-01,23.52,3272.54,3937.25,Credit Card,2
2023-06-09,19.83,2829.62,3240.66,Mobile Payment,3
2023-06-09,11.29,1805.27,2101.45,Cash,1
2023-06-20,20.03,2854.08,2910.19,Cash,2
2023-06-10,19.45,2784.07,3101.98,Mobile Payment,3
2023-07-01,11.59,1840.64,2029.93,Credit Card,3
2023-06-10,23.18,3231.53,3824.02,Cash,4
2023-06-21,2.98,807.79,959.19,Mobile Payment,1
2023-06-23,20.97,2966.68,3452.13,Mobile Payment,4
2023-06-11,4.18,952.11,1117.29,Credit Card,1
2023-06-13,11.77,1862.11,1901.75,Mobile Payment,4
2023-06-13,23.61,3282.83,3534.59,Credit Card,1
2023-06-11,14.25,2159.95,2341.61,Credit Card,2
2023-06-09,24.8,3426.02,3572.47,Cash,1
2023-06-09,6.6,1241.63,1335.24,Cash,4
2023-06-07,23.71,3295.28,3820.35,Cash,1
2023-06-16,21.86,3073.26,3169.61,Credit Card,2
2023-06-27,12.71,1974.98,2322.91,Mobile Payment,4
2023-06-13,7.92,1400.23,1539.68,Mobile Payment,1
2023-06-09,19.33,2769.47,3119.95,Credit Card,1
2023-06-25,7.42,1339.94,1594.93,Credit Card,4
2023-06-12,21.56,3036.65,3142.28,Cash,4
2023-06-03,11.83,1869.73,1915.84,Mobile Payment,3
2023-06-30,17.28,2523.19,2591.24,Mobile Payment,4
2023-06-06,23.38,3255.91,3473.88,Credit Card,2
2023-06-27,0.54,515.22,626.02,Mobile Payment,4
2023-06-25,10.32,1687.81,1749.36,Mobile Payment,2
2023-06-09,19.94,2842.74,3346.3,Cash,2
2023-06-12,8.43,1461.87,1784.77,Cash,1
2023-06-05,17.15,2507.4,2951.19,Credit Card,2
2023-06-24,18.63,2686.08,2930.18,Mobile Payment,1
2023-06-23,20.16,2868.65,3318.48,Cash,3
2023-06-25,1.73,657.16,673.93,Cash,1
2023-06-23,2.42,740.23,856.24,Mobile Payment,2
2023-06-08,2.7,773.47,906.58,Credit Card,1
2023-06-11,20.87,2954.06,3452.45,Cash,2
2023-06-07,20.12,2864.67,2906.38,Mobile Payment,1
2023-06-06,18.17,2630.08,2777.65,Cash,1
2023-06-06,21.02,2972.52,3311.49,Mobile Payment,3
2023-06-22,14.25,2160.34,2214.11,Mobile Payment,4
2023-06-26,23.34,3251.08,3588.62,Mobile Payment,3
2023-07-01,9.89,1636.7,2008.01,Cash,1
2023-06-01,7.19,1312.41,1600.74,Credit Card,2
2023-06-25,0.86,552.99,681.29,Credit Card,3
2023-06-10,14.89,2236.73,2312.78,Cash,4
2023-06-30,10.65,1728.32,1996.77,Credit Card,2
2023-06-17,19.73,2817.19,2878.0,Cash,2
2023-06-17,20.05,2855.41,3149.78,Credit Card,3
2023-06-09,18.99,2729.39,2747.86,Mobile Payment,3
2023-06-18,0.76,541.29,607.65,Cash,3
2023-06-07,13.88,2115.85,2384.97,Credit Card,1
2023-06-08,14.54,2194.64,2735.09,Cash,1
2023-06-15,14.54,2194.93,2321.36,Credit Card,4
2023-06-19,6.88,1275.7,1534.05,Mobile Payment,2
2023-06-25,19.18,2751.24,2991.5,Cash,4
2023-06-16,6.68,1251.87,1260.13,Mobile Payment,2
2023-06-09,11.33,1809.71,2065.9,Credit Card,4
2023-06-25,6.18,1191.84,1218.81,Mobile Payment,4
2023-06-13,11.49,1828.94,1829.1,Mobile Payment,4
2023-06-28,1.1,582.57,706.17,Credit Card,4
2023-06-20,8.35,1452.03,1634.68,Credit Card,4
2023-06-19,18.54,2674.9,3011.46,Credit Card,3
2023-06-10,13.39,2056.75,2497.42,Credit Card,4
2023-06-16,10.38,1695.46,1861.36,Credit Card,4
2023-06-07,11.84,1870.92,2232.61,Credit Card,1
2023-06-19,7.68,1371.68,1468.86,Cash,1
2023-06-21,12.45,1944.38,2234.39,Cash,3
2023-06-26,24.45,3384.44,3683.71,Credit Card,1
2023-06-05,9.09,1541.34,1756.02,Mobile Payment,2
2023-06-21,15.44,2302.77,2525.76,Mobile Payment,1
2023-06-26,24.65,3407.75,3606.02,Cash,3
2023-06-06,19.18,2751.73,2808.34,Mobile Payment,4
2023-06-12,1.81,667.64,717.66,Credit Card,3
2023-06-10,12.02,1891.96,2222.18,Cash,1
2023-06-25,17.57,2557.83,3162.82,Mobile Payment,2
2023-06-21,1.82,668.74,680.93,Credit Card,1
2023-06-06,7.02,1292.73,1334.62,Cash,3
2023-06-27,13.35,2051.52,2524.85,Cash,3
2023-06-03,2.53,754.16,940.52,Cash,4
2023-06-06,13.46,2065.28,2383.12,Mobile Payment,2
2023-06-20,20.28,2884.17,3102.0,Credit Card,3
2023-06-13,0.65,527.55,591.66,Mobile Payment,1
2023-06-14,20.74,2938.62,3387.6,Mobile Payment,2
2023-06-29,1.78,663.17,743.94,Mobile Payment,1
2023-06-11,24.72,3416.74,4079.16,Mobile Payment,1
2023-06-10,20.71,2935.17,3019.0,Mobile Payment,1
2023-06-12,21.5,3030.37,3171.1,Cash,2
2023-06-13,24.89,3436.37,4204.39,Mobile Payment,4
2023-06-17,7.52,1352.9,1385.8,Cash,3
2023-06-13,12.97,2006.46,2303.48,Mobile Payment,2
2023-06-07,2.81,787.45,851.81,Mobile Payment,2
2023-06-03,2.99,809.39,839.11,Cash,1
2023-06-25,22.28,3123.39,3873.73,Mobile Payment,1
2023-06-22,15.05,2255.83,2343.57,Credit Card,2
2023-06-17,7.26,1320.87,1570.6,Cash,1
2023-06-29,14.87,2234.39,2693.44,Cash,4
2023-06-25,14.08,2139.36,2526.24,Credit Card,2
2023-06-18,21.8,3065.5,3161.27,Credit Card,3
2023-06-12,6.3,1206.19,1231.15,Mobile Payment,4
2023-06-19,19.24,2758.34,3213.09,Cash,2
2023-06-28,5.34,1091.09,1103.71,Cash,2
2023-06-05,6.17,1190.0,1375.43,Cash,2
2023-06-19,3.83,909.49,1073.86,Credit Card,4
2023-06-21,22.62,3164.95,3396.27,Mobile Payment,3
2023-06-03,17.67,2570.63,2805.18,Credit Card,4
2023-06-29,16.28,2404.14,2436.04,Credit Card,1
2023-06-08,2.72,776.12,830.7,Cash,2
2023-06-04,8.77,1502.55,1579.68,Mobile Payment,3
2023-06-16,11.11,1783.53,2218.95,Credit Card,3
2023-06-28,7.83,1389.5,1654.0,Mobile Payment,4
2023-06-20,10.31,1687.78,1693.11,Mobile Payment,4
2023-06-05,7.97,1406.81,1681.44,Credit Card,4
2023-06-05,19.94,2843.04,2870.45,Mobile Payment,3
2023-06-10,5.11,1062.84,1178.58,Credit Card,2
2023-06-09,10.34,1690.77,2058.98,Mobile Payment,4
2023-06-25,15.49,2308.92,2314.86,Mobile Payment,4
2023-06-25,1.42,620.26,732.51,Mobile Payment,2
2023-06-21,5.54,1114.66,1256.72,Cash,1
2023-06-06,5.29,1085.33,1258.62,Cash,1
2023-06-26,13.21,2035.02,2377.51,Mobile Payment,3
2023-06-18,10.9,1758.56,1839.4,Credit Card,1
2023-06-16,20.19,2873.12,3250.49,Credit Card,4
2023-06-05,11.41,1819.02,2011.04,Credit Card,3
2023-06-23,13.88,2115.35,2388.83,Credit Card,1
2023-06-07,21.26,3000.72,3485.52,Credit Card,4
2023-06-24,24.88,3436.17,3580.39,Credit Card,2
2023-06-18,5.56,1117.38,1361.62,Mobile Payment,4
2023-06-25,14.37,2174.32,2578.48,Cash,4
2023-06-06,24.08,3339.02,4113.37,Credit Card,3
2023-06-12,22.63,3165.05,3883.69,Mobile Payment,2
2023-06-15,22.24,3118.69,3383.21,Credit Card,1
2023-06-13,21.94,3082.88,3520.32,Mobile Payment,4
2023-06-16,2.97,806.6,943.9,Mobile Payment,1
2023-06-06,5.75,1140.43,1356.65,Mobile Payment,3
2023-06-02,16.92,2480.4,2612.94,Mobile Payment,2
2023-06-15,7.52,1352.84,1538.0,Cash,3
2023-06-24,16.26,2400.65,2812.59,Mobile Payment,3
2023-06-05,5.03,1053.83,1083.97,Mobile Payment,1
2023-06-23,9.02,1532.51,1569.12,Cash,1
2023-06-01,18.88,2715.88,3128.21,Credit Card,1
2023-06-03,15.48,2308.03,2603.75,Mobile Payment,1
2023-06-03,8.27,1442.63,1795.92,Credit Card,4
2023-06-02,9.83,1629.78,1828.61,Cash,4
2023-06-23,20.36,2892.6,3226.81,Credit Card,1
2023-06-30,0.53,513.25,591.03,Mobile Payment,4
2023-06-29,11.2,1793.5,1885.76,Mobile Payment,3
2023-06-25,23.41,3258.79,3657.72,Credit Card,2
2023-06-02,21.78,3063.74,3669.82,Mobile Payment,1
2023-06-21,1.38,615.79,646.29,Mobile Payment,1
2023-06-08,6.25,1199.91,1224.66,Cash,1
2023-06-30,5.15,1068.49,1114.21,Mobile Payment,1
2023-06-30,7.45,1343.73,1638.08,Credit Card,2
2023-06-11,24.33,3369.97,4065.43,Mobile Payment,1
2023-06-08,0.67,530.69,539.6,Credit Card,1
2023-06-20,0.65,527.91,567.11,Cash,1
2023-06-26,23.09,3220.84,3880.15,Credit Card,3
2023-06-20,21.67,3050.01,3260.84,Mobile Payment,4
2023-06-12,11.0,1770.38,2192.97,Credit Card,1
2023-06-14,21.93,3082.17,3445.87,Cash,1
2023-06-26,4.95,1043.44,1148.75,Cash,1
2023-06-03,24.09,3340.79,3783.76,Mobile Payment,1
2023-06-23,1.84,670.39,716.71,Mobile Payment,1
2023-06-24,10.43,1701.15,1971.5,Credit Card,2
2023-06-23,4.62,1004.7,1066.71,Mobile Payment,4
2023-06-16,18.76,2701.66,2994.03,Credit Card,2
2023-06-03,16.51,2430.77,2705.02,Credit Card,4
2023-06-02,21.27,3002.57,3439.76,Cash,2
2023-06-10,2.26,720.98,797.91,Credit Card,4
2023-06-24,3.39,857.25,999.63,Cash,1
2023-06-30,8.27,1441.96,1484.9,Credit Card,2
2023-07-01,5.15,1067.62,1173.89,Cash,1
2023-06-23,12.04,1894.72,2322.37,Credit Card,1
2023-06-09,19.89,2836.56,3485.72,Credit Card,4
2023-06-02,20.28,2883.85,3591.19,Credit Card,1
2023-06-28,22.65,3168.54,3200.07,Mobile Payment,2
2023-06-02,5.92,1160.95,1163.76,Credit Card,3
2023-06-14,15.25,2280.19,2537.18,Credit Card,1
2023-06-21,20.28,2883.02,3469.09,Mobile Payment,3
2023-06-19,15.14,2266.96,2559.23,Mobile Payment,3
2023-06-08,13.65,2088.56,2149.01,Mobile Payment,2
2023-06-15,18.67,2689.83,3307.85,Credit Card,1
2023-06-04,21.65,3048.19,3773.1,Credit Card,1
2023-07-01,13.57,2078.23,2203.26,Cash,1
2023-06-05,8.73,1497.36,1853.95,Mobile Payment,2
2023-06-28,15.31,2287.19,2503.02,Mobile Payment,4
2023-06-06,23.36,3253.47,3749.33,Cash,4
2023-06-27,21.97,3086.2,3465.22,Credit Card,4
2023-06-21,14.28,2163.94,2674.13,Credit Card,2
2023-06-07,6.43,1221.01,1221.38,Credit Card,2
2023-06-21,21.78,3063.16,3560.95,Mobile Payment,2
2023-06-20,7.34,1330.23,1624.87,Cash,2
2023-06-06,2.37,734.08,809.14,Credit Card,3
2023-06-16,5.23,1077.52,1080.77,Credit Card,4
2023-06-27,10.73,1738.05,2119.21,Cash,2
2023-06-22,19.17,2750.01,3150.24,Cash,4
2023-06-25,24.01,3331.53,3800.63,Credit Card,2
2023-06-15,23.98,3327.61,4004.6,Mobile Payment,2
2023-06-05,12.94,2003.11,2322.06,Credit Card,1
2023-06-30,12.71,1975.34,2056.33,Credit Card,1
2023-06-23,3.47,865.87,930.54,Cash,1
2023-06-27,18.48,2667.34,3297.13,Mobile Payment,4
2023-06-10,18.37,2654.13,2745.7,Credit Card,3
2023-06-18,11.52,1832.84,2160.33,Cash,2
2023-06-18,19.05,2736.28,2899.39,Credit Card,1
2023-06-17,14.71,2214.88,2763.88,Mobile Payment,2
2023-06-20,15.6,2321.97,2898.68,Credit Card,3
2023-06-21,3.67,890.21,1051.96,Cash,2
2023-06-14,20.42,2900.11,3539.51,Credit Card,2
2023-06-07,21.78,3063.89,3766.71,Credit Card,2
2023-06-16,16.48,2428.17,2600.82,Credit Card,2
2023-06-28,7.99,1408.95,1642.27,Cash,1
2023-06-03,5.3,1086.59,1281.84,Mobile Payment,4
2023-07-01,14.99,2248.93,2693.07,Cash,1
2023-06-16,23.4,3258.36,3961.02,Cash,3
2023-06-02,5.12,1063.95,1267.26,Mobile Payment,4
2023-06-28,1.36,613.5,627.93,Mobile Payment,3
2023-06-09,22.6,3161.68,3754.48,Cash,2
2023-06-21,15.03,2253.89,2504.59,Credit Card,1
2023-06-01,16.21,2394.97,2650.67,Mobile Payment,4
2023-06-24,14.3,2166.33,2200.56,Credit Card,2
2023-06-14,12.6,1961.56,2280.17,Mobile Payment,3
2023-06-27,2.15,708.52,792.04,Mobile Payment,2
2023-06-27,14.72,2216.85,2242.08,Credit Card,3
2023-06-04,18.34,2651.27,2701.12,Credit Card,2
2023-06-25,15.15,2267.98,2803.16,Credit Card,4
2023-06-20,18.6,2682.52,3262.67,Credit Card,4
2023-06-16,18.86,2713.7,3111.55,Credit Card,1
2023-06-22,6.22,1196.92,1492.2,Credit Card,3
2023-06-05,10.78,1743.66,2125.05,Cash,4
2023-06-02,21.18,2991.39,3129.77,Credit Card,3
2023-06-10,16.09,2380.54,2726.92,Mobile Payment,3
2023-06-13,15.24,2278.56,2707.77,Credit Card,3
2023-06-02,1.33,610.02,702.3,Cash,2
2023-06-30,10.71,1735.41,1795.8,Credit Card,2
2023-06-07,20.07,2857.81,3382.06,Cash,2
2023-06-09,20.65,2928.47,3570.33,Mobile Payment,2
2023-06-20,2.45,744.47,755.17,Mobile Payment,4
2023-06-14,10.41,1699.41,1996.42,Mobile Payment,1
2023-06-08,22.57,3158.76,3544.13,Cash,4
2023-06-08,23.99,3328.92,3871.08,Cash,3
2023-06-26,24.13,3345.29,4140.63,Cash,2
2023-06-18,10.12,1664.95,2030.21,Credit Card,1
2023-06-05,9.98,1647.65,1874.02,Credit Card,4
2023-06-04,6.43,1221.12,1314.15,Cash,1
2023-06-30,21.03,2973.6,3579.12,Cash,4
2023-06-01,14.34,2171.3,2356.69,Mobile Payment,4
2023-06-30,2.27,722.35,883.35,Cash,4
2023-06-01,24.3,3365.68,3956.34,Mobile Payment,4
2023-06-05,4.03,933.2,1153.69,Credit Card,2
2023-06-30,23.71,3294.95,4078.17,Cash,3
2023-06-21,12.26,1921.23,2368.48,Mobile Payment,4
2023-07-01,6.13,1185.62,1397.15,Cash,4
2023-06-28,12.0,1889.91,2060.02,Mobile Payment,3
2023-06-18,5.26,1081.76,1341.21,Credit Card,3
2023-06-26,8.12,1423.81,1528.72,Cash,1
2023-06-30,21.54,3035.22,3391.99,Credit Card,4
2023-06-26,3.28,844.05,882.84,Cash,2
2023-06-23,15.64,2326.35,2520.96,Mobile Payment,4
2023-06-23,6.71,1255.47,1546.55,Cash,2
2023-06-22,10.0,1650.48,1700.1,Cash,3
2023-06-29,24.73,3417.34,3693.44,Credit Card,4
2023-06-17,24.43,3381.3,3580.82,Credit Card,1
2023-06-18,6.06,1177.34,1228.42,Credit Card,2
2023-07-01,13.61,2083.27,2529.65,Mobile Payment,3
2023-06-07,21.11,2983.43,3100.35,Credit Card,4
2023-06-08,10.87,1754.7,2062.83,Mobile Payment,1
2023-06-19,10.36,1693.11,1931.64,Cash,3
2023-06-10,18.35,2652.45,3052.26,Mobile Payment,4
2023-06-24,10.04,1654.36,1823.92,Credit Card,3
2023-06-05,10.23,1677.11,1824.71,Credit Card,2
2023-06-20,11.81,1867.05,2247.35,Credit Card,1
2023-06-28,3.33,850.15,860.32,Cash,1
2023-06-13,10.31,1687.37,2017.94,Credit Card,4
2023-06-21,3.98,927.45,1013.41,Mobile Payment,4
2023-06-24,13.96,2124.99,2421.1,Mobile Payment,4
2023-06-01,15.21,2275.57,2575.12,Mobile Payment,1
2023-06-15,24.09,3340.43,3817.81,Cash,4
2023-06-18,3.66,889.55,1111.42,Cash,3
2023-06-04,9.46,1585.18,1596.34,Credit Card,3
2023-06-10,20.77,2942.94,3600.4,Mobile Payment,4
2023-06-27,14.59,2200.57,2651.63,Credit Card,2
2023-06-13,23.08,3219.9,3342.69,Mobile Payment,3
2023-07-01,19.06,2736.82,3385.73,Cash,3
2023-06-05,17.67,2570.88,3120.38,Mobile Payment,3
2023-06-23,14.15,2147.76,2318.8,Credit Card,3
2023-06-17,13.58,2080.08,2189.85,Credit Card,1
2023-06-18,11.93,1881.91,1997.0,Cash,2
2023-06-26,14.3,2166.38,2546.26,Mobile Payment,3
2023-06-20,20.75,2940.16,3673.92,Credit Card,4
2023-06-09,12.53,1953.91,2117.44,Credit Card,2
2023-06-18,16.2,2394.07,2884.82,Mobile Payment,2
2023-06-06,18.9,2717.7,2943.56,Mobile Payment,2
2023-06-27,14.33,2169.92,2581.75,Credit Card,1
2023-06-10,8.82,1507.91,1531.37,Credit Card,3
2023-06-23,21.1,2982.46,3595.08,Credit Card,1
2023-06-14,7.65,1367.53,1452.67,Credit Card,3
2023-06-30,3.17,830.48,882.7,Cash,1
2023-06-20,8.54,1474.71,1707.17,Credit Card,4
2023-06-23,8.56,1477.28,1604.47,Mobile Payment,2
2023-07-01,4.01,931.43,1037.1,Cash,3
2023-06-10,0.54,514.42,540.87,Mobile Payment,2
2023-06-05,13.31,2047.1,2122.34,Cash,1
2023-06-27,16.92,2480.26,2581.03,Mobile Payment,4
2023-06-02,19.04,2734.91,3368.38,Credit Card,4
2023-06-10,15.17,2270.64,2340.94,Credit Card,3
2023-06-05,6.01,1170.96,1463.59,Mobile Payment,2
2023-06-21,4.51,990.8,1052.52,Mobile Payment,2
2023-06-22,3.28,843.36,895.75,Mobile Payment,4
2023-06-19,9.35,1572.12,1927.36,Cash,3
2023-06-28,14.63,2205.33,2685.62,Cash,1
2023-06-27,7.53,1353.6,1475.39,Mobile Payment,3
2023-06-24,12.09,1900.34,1958.3,Cash,3
2023-06-04,18.99,2729.29,3208.82,Credit Card,2
2023-06-03,5.02,1052.14,1129.48,Cash,4
2023-06-22,1.54,635.39,646.45,Mobile Payment,2
2023-06-27,7.63,1365.37,1414.64,Cash,2
2023-06-19,4.88,1035.41,1177.87,Cash,1
2023-06-16,21.33,3009.98,3207.6,Cash,4
2023-06-27,18.95,2723.58,2847.52,Cash,1
2023-06-09,9.4,1578.4,1965.06,Cash,1
2023-06-18,23.33,3249.65,3433.06,Cash,4
2023-06-09,13.29,2044.45,2068.06,Credit Card,1
2023-06-26,0.57,518.4,534.83,Credit Card,2
2023-06-13,19.8,2825.76,3304.89,Credit Card,1
2023-06-14,2.22,716.97,723.52,Credit Card,3
2023-06-05,16.32,2408.82,3003.24,Cash,4
2023-06-15,8.17,1430.43,1753.17,Cash,3
2023-06-14,24.07,3338.2,3837.46,Mobile Payment,3
2023-06-22,20.12,2864.42,3127.21,Cash,2
2023-06-13,4.69,1012.48,1089.24,Credit Card,3
2023-06-29,5.99,1168.47,1376.05,Mobile Payment,2
2023-06-26,17.95,2604.08,3176.4,Mobile Payment,1
2023-06-04,11.47,1826.3,2182.09,Mobile Payment,4
2023-06-03,16.94,2483.37,2872.62,Mobile Payment,1
2023-06-17,11.48,1827.06,2014.09,Mobile Payment,4
2023-06-09,19.47,2786.6,3161.69,Credit Card,2
2023-06-12,21.48,3028.01,3184.76,Credit Card,3
2023-06-10,18.28,2643.02,2862.39,Mobile Payment,1
2023-06-24,10.63,1725.35,2121.75,Cash,4
2023-06-25,22.94,3202.61,3378.62,Cash,3
2023-06-24,14.36,2172.77,2397.73,Mobile Payment,4
2023-06-28,13.31,2047.03,2185.88,Cash,1
2023-06-03,2.88,795.74,908.75,Cash,1
2023-06-23,18.46,2665.49,2881.92,Credit Card,2
2023-07-01,12.25,1919.81,2237.71,Mobile Payment,4
2023-06-11,1.93,681.53,814.21,Mobile Payment,3
2023-06-14,4.8,1026.55,1156.11,Cash,1
2023-06-29,15.15,2268.1,2403.39,Credit Card,1
2023-06-12,7.86,1393.13,1607.58,Credit Card,1
2023-06-07,12.36,1932.81,2315.55,Cash,4
2023-06-16,3.82,908.75,1028.24,Mobile Payment,1
2023-06-08,16.96,2485.6,2880.05,Mobile Payment,4
2023-06-16,21.81,3066.98,3758.21,Cash,4
2023-06-16,4.3,965.59,1003.01,Mobile Payment,2
2023-07-01,5.23,1078.08,1185.61,Mobile Payment,3
2023-06-12,6.08,1180.15,1467.2,Credit Card,3
2023-06-16,17.19,2513.31,2622.88,Cash,1
2023-06-19,20.67,2930.68,3300.89,Credit Card,2
2023-06-09,4.96,1044.81,1226.56,Mobile Payment,1
2023-06-26,24.16,3349.77,3528.82,Mobile Payment,3
2023-06-14,18.01,2610.64,2753.75,Cash,2
2023-06-07,4.22,956.92,1177.96,Cash,4
2023-06-13,10.77,1742.86,1761.75,Cash,1
2023-06-18,11.67,1850.71,1972.44,Credit Card,1
2023-06-01,5.96,1165.79,1402.53,Cash,1
2023-06-16,4.24,958.8,1099.8,Credit Card,3
2023-06-06,10.78,1743.19,1933.1,Cash,4
2023-06-27,8.74,1499.08,1758.6,Credit Card,4
2023-06-18,11.55,1836.52,2065.21,Cash,1
2023-06-30,22.76,3181.27,3921.95,Mobile Payment,4
2023-06-21,8.49,1468.74,1654.01,Cash,3
2023-06-07,0.87,554.14,613.49,Mobile Payment,3
2023-06-05,2.62,764.84,802.93,Mobile Payment,3
2023-06-08,9.51,1591.79,1736.69,Mobile Payment,3
2023-06-19,12.8,1985.72,2020.9,Mobile Payment,1
2023-06-29,9.2,1554.46,1807.8,Cash,2
2023-06-03,10.49,1709.25,2087.13,Mobile Payment,4
2023-06-20,10.44,1702.48,1935.08,Mobile Payment,1
2023-07-01,9.36,1573.55,1659.04,Cash,3
2023-06-28,18.65,2688.36,2722.25,Mobile Payment,4
2023-06-29,22.0,3089.83,3434.33,Cash,3
2023-06-22,24.69,3412.53,3772.86,Credit Card,4
2023-06-21,6.94,1283.18,1283.72,Mobile Payment,2
2023-06-19,8.25,1439.65,1792.98,Mobile Payment,4
2023-06-11,10.67,1729.98,1919.88,Credit Card,3
2023-06-29,5.06,1057.29,1210.65,Mobile Payment,2
2023-06-11,23.65,3288.05,3895.63,Cash,2
2023-06-17,9.03,1533.09,1898.96,Cash,4
2023-06-22,16.1,2381.63,2465.72,Cash,1
2023-06-29,23.94,3322.25,3867.7,Cash,3
2023-06-27,13.55,2076.51,2122.2,Mobile Payment,2
2023-06-23,2.27,722.41,735.72,Credit Card,3
2023-06-07,6.24,1198.9,1285.44,Credit Card,3
2023-06-03,16.29,2404.6,2743.61,Cash,1
2023-06-02,22.85,3192.57,3629.56,Mobile Payment,3
2023-06-07,6.41,1218.66,1476.8,Cash,2
2023-06-13,17.66,2568.64,2874.32,Cash,2
2023-06-07,15.39,2296.31,2723.95,Mobile Payment,1
2023-06-24,19.95,2843.52,2875.98,Mobile Payment,1
2023-06-25,4.51,990.78,1002.55,Cash,1
2023-07-01,13.04,2015.4,2341.16,Mobile Payment,1
2023-06-04,13.23,2037.65,2074.04,Credit Card,3
2023-06-17,1.21,594.84,704.37,Cash,2
2023-06-05,9.97,1646.98,1713.38,Credit Card,3
2023-06-12,23.99,3329.22,4083.67,Mobile Payment,4
2023-06-07,4.2,953.54,1044.64,Mobile Payment,3
2023-06-15,17.13,2505.03,2967.79,Mobile Payment,2
2023-06-07,14.42,2180.43,2667.5,Mobile Payment,2
2023-06-20,21.86,3073.58,3611.69,Credit Card,1
2023-06-19,16.19,2392.77,2969.05,Credit Card,4
2023-06-21,8.55,1475.89,1777.64,Mobile Payment,2
2023-06-27,10.54,1715.06,1742.17,Credit Card,1
2023-06-23,13.98,2127.79,2330.52,Cash,1
2023-06-01,13.11,2023.3,2219.13,Cash,1
2023-06-25,4.7,1014.54,1168.97,Credit Card,1
2023-06-11,24.08,3340.14,3700.69,Cash,4
2023-06-14,17.37,2534.62,2795.21,Cash,2
2023-06-12,7.55,1356.57,1490.17,Credit Card,4
2023-06-07,14.76,2221.05,2338.97,Credit Card,2
2023-06-02,22.86,3193.76,3286.45,Mobile Payment,2
2023-06-28,14.06,2137.44,2262.09,Credit Card,1
2023-06-26,22.1,3101.61,3738.09,Cash,3
2023-07-01,6.49,1228.21,1249.49,Mobile Payment,1
2023-06-22,13.3,2046.41,2380.7,Credit Card,1
2023-06-10,14.61,2203.44,2691.99,Mobile Payment,1
2023-06-23,10.45,1704.46,2082.99,Credit Card,2
2023-06-30,20.85,2952.14,3585.62,Cash,2
2023-06-13,23.5,3270.48,3862.11,Credit Card,2
2023-06-09,9.18,1551.56,1737.16,Mobile Payment,3
2023-06-14,8.97,1526.7,1845.76,Credit Card,2
2023-06-12,1.74,658.92,742.61,Credit Card,3
2023-06-18,13.2,2034.11,2195.88,Credit Card,1
2023-06-29,6.77,1262.68,1372.81,Cash,1
2023-06-22,10.1,1662.3,1813.18,Credit Card,1
2023-06-01,4.39,976.32,1211.74,Credit Card,1
2023-06-13,7.09,1300.73,1422.73,Cash,1
2023-06-26,16.69,2452.24,2890.86,Credit Card,4
2023-06-12,8.59,1481.36,1540.73,Cash,2
2023-06-08,5.29,1084.5,1346.52,Mobile Payment,3
2023-06-26,16.2,2394.26,2785.93,Cash,3
2023-06-20,24.82,3428.23,3595.34,Credit Card,3
2023-06-19,17.53,2553.14,2590.99,Credit Card,3
2023-06-29,18.34,2651.13,2710.26,Cash,2
2023-06-07,24.41,3378.91,3657.69,Credit Card,2
2023-06-15,17.2,2514.47,2575.67,Credit Card,3
2023-06-08,8.24,1438.6,1502.13,Mobile Payment,3
2023-06-25,12.18,1911.8,2250.34,Credit Card,3
2023-06-17,7.81,1387.74,1484.24,Credit Card,1
2023-06-19,17.01,2490.83,2670.11,Cash,1
2023-06-12,22.55,3155.55,3726.83,Credit Card,1
2023-06-10,23.68,3291.55,3381.4,Mobile Payment,1
2023-06-02,7.35,1331.88,1490.87,Credit Card,1
2023-06-01,2.96,805.71,947.66,Cash,2
2023-06-04,15.72,2336.51,2828.96,Cash,3
2023-06-19,7.19,1312.52,1507.24,Credit Card,1
2023-06-04,10.18,1671.17,1916.44,Mobile Payment,4
2023-06-25,8.42,1460.0,1669.69,Cash,1
2023-06-11,3.39,857.39,905.71,Cash,4
2023-06-24,13.61,2083.12,2351.7,Cash,2
2023-06-03,13.57,2078.81,2127.69,Cash,3
2023-06-03,23.98,3327.13,3997.69,Mobile Payment,1
2023-06-30,22.21,3115.75,3387.17,Mobile Payment,3
2023-06-17,16.87,2474.85,2963.15,Credit Card,1
2023-06-08,4.85,1032.58,1085.97,Credit Card,3
2023-06-02,14.8,2226.17,2596.11,Mobile Payment,4
2023-06-15,5.53,1113.75,1241.3,Mobile Payment,4
2023-06-29,2.3,725.67,786.56,Credit Card,2
2023-06-25,17.66,2569.74,2866.5,Credit Card,1
2023-06-13,12.5,1949.71,2065.94,Mobile Payment,4
2023-06-06,20.6,2922.22,3156.65,Cash,2
2023-06-11,10.34,1690.41,2070.7,Mobile Payment,3
2023-06-28,9.23,1557.37,1938.03,Cash,2
2023-06-15,9.5,1589.82,1653.03,Credit Card,2
2023-06-26,7.6,1362.09,1675.88,Credit Card,2
2023-06-06,1.2,593.41,709.18,Mobile Payment,1
2023-06-12,4.12,944.01,953.79,Cash,1
2023-06-12,15.19,2272.27,2346.72,Credit Card,3
2023-06-28,21.96,3084.99,3593.35,Cash,1
2023-06-08,15.85,2352.2,2667.96,Mobile Payment,3
2023-06-22,11.39,1817.39,1846.22,Mobile Payment,2
2023-06-19,0.55,515.52,631.98,Credit Card,1
2023-06-11,2.1,702.52,799.44,Credit Card,2
2023-06-28,19.71,2815.59,3152.94,Mobile Payment,4
2023-06-15,4.94,1042.85,1077.02,Cash,2
2023-06-20,22.15,3107.88,3326.79,Credit Card,4
2023-06-09,5.81,1146.64,1399.68,Credit Card,3
2023-06-19,23.63,3286.17,4033.99,Credit Card,2
2023-06-19,19.98,2847.88,3089.25,Cash,4
2023-06-26,21.73,3058.04,3670.3,Mobile Payment,1
2023-06-04,1.03,573.12,590.21,Cash,2
2023-06-13,22.24,3118.95,3184.67,Cash,2
2023-07-01,18.46,2665.59,2854.84,Cash,2
2023-06-10,17.12,2504.52,3115.78,Credit Card,4
2023-06-09,4.28,963.55,1061.4,Credit Card,4
2023-06-21,18.48,2667.71,2705.79,Cash,4
2023-06-12,13.25,2039.95,2076.86,Mobile Payment,2
2023-06-30,7.67,1369.97,1429.25,Mobile Payment,1
2023-06-21,19.25,2760.36,3148.46,Credit Card,3
2023-06-14,13.93,2121.63,2326.92,Cash,1
2023-06-11,23.1,3221.55,3399.4,Mobile Payment,4
2023-06-17,15.3,2285.51,2610.83,Credit Card,1
2023-06-21,15.66,2329.33,2580.88,Credit Card,3
2023-06-30,20.19,2872.31,3050.38,Credit Card,1
2023-06-12,4.07,938.26,973.12,Cash,3
2023-06-12,2.79,784.4,975.77,Mobile Payment,2
2023-06-07,24.5,3389.56,3600.48,Mobile Payment,1
2023-06-29,3.15,827.49,852.17,Mobile Payment,3
2023-06-19,2.47,745.97,776.56,Mobile Payment,4
2023-06-24,17.18,2511.54,3021.08,Mobile Payment,2
2023-06-19,20.06,2857.61,3000.56,Credit Card,4
2023-06-29,16.55,2436.53,2740.99,Cash,1
2023-06-30,16.1,2381.81,2505.25,Credit Card,4
2023-06-17,4.99,1049.14,1251.1,Cash,1
2023-06-04,23.56,3277.52,3284.88,Mobile Payment,4
2023-06-16,6.99,1289.33,1387.94,Credit Card,2
2023-06-28,17.52,2551.92,2664.91,Mobile Payment,1
2023-06-04,21.82,3067.89,3637.95,Credit Card,3
2023-06-02,13.14,2026.36,2251.6,Credit Card,1
2023-06-02,12.91,1999.29,2341.2,Mobile Payment,1
2023-06-13,23.18,3231.8,3759.07,Cash,3
2023-06-10,6.93,1281.01,1395.2,Credit Card,2
2023-06-29,16.53,2434.14,2625.65,Credit Card,4
2023-06-26,17.45,2544.05,3070.13,Cash,3
2023-06-26,8.56,1476.62,1591.98,Mobile Payment,1
2023-06-15,13.63,2085.87,2539.34,Credit Card,2
2023-06-25,15.78,2344.04,2599.63,Cash,1
2023-06-03,22.37,3134.98,3714.45,Credit Card,1
2023-06-10,4.62,1004.74,1151.2,Mobile Payment,3
2023-06-17,12.83,1989.93,2312.23,Cash,2
2023-06-13,17.64,2566.54,2805.33,Mobile Payment,1
2023-06-12,4.28,963.22,1169.49,Credit Card,3
2023-06-06,24.57,3397.88,3411.7,Mobile Payment,4
2023-06-05,7.74,1378.76,1620.73,Credit Card,1
2023-06-17,17.84,2591.26,2981.2,Credit Card,2
2023-06-28,10.94,1762.71,2171.47,Credit Card,3
2023-06-11,18.84,2710.86,2734.19,Cash,2
2023-06-23,4.69,1012.52,1058.61,Cash,2
2023-06-23,24.97,3446.18,3609.15,Cash,1
2023-06-22,20.95,2964.59,3083.42,Credit Card,4
2023-06-30,10.74,1738.25,1988.67,Mobile Payment,3
2023-06-08,7.37,1333.84,1634.35,Mobile Payment,3
2023-06-08,24.85,3431.47,3705.29,Mobile Payment,1
2023-06-03,14.96,2244.97,2703.45,Credit Card,3
2023-06-17,24.71,3414.74,3795.86,Mobile Payment,4
2023-06-20,20.93,2961.22,3123.59,Cash,1
2023-06-28,20.26,2880.72,3284.84,Cash,2
2023-06-24,17.18,2511.01,2606.69,Credit Card,4
2023-06-20,10.84,1751.39,2026.2,Credit Card,2
2023-06-11,12.26,1920.7,2248.76,Credit Card,1
2023-06-07,17.34,2530.25,2976.66,Cash,3
2023-06-29,15.8,2346.07,2499.28,Cash,1
2023-06-14,5.4,1097.46,1344.04,Credit Card,2
2023-06-12,13.22,2036.42,2211.35,Mobile Payment,1
2023-06-30,17.58,2559.26,2736.9,Cash,3
2023-06-02,20.55,2916.37,3526.12,Mobile Payment,2
2023-06-21,24.07,3338.81,3756.76,Mobile Payment,4
2023-06-09,11.75,1859.99,2151.26,Cash,4
2023-06-09,1.24,598.44,685.36,Cash,1
2023-06-05,5.8,1145.51,1420.54,Credit Card,2
2023-06-24,20.81,2947.52,3192.61,Cash,3
2023-06-15,14.03,2133.35,2449.72,Cash,4
2023-06-06,6.08,1180.12,1417.4,Mobile Payment,3
2023-06-24,8.45,1464.57,1666.06,Credit Card,2
2023-06-12,8.11,1422.97,1503.11,Mobile Payment,3
2023-06-24,18.54,2675.22,3327.73,Mobile Payment,1
2023-06-26,4.29,965.37,976.59,Cash,4
2023-06-10,18.09,2621.27,2995.49,Credit Card,2
2023-06-30,10.17,1670.04,1899.2,Credit Card,1
2023-06-30,20.75,2940.29,3537.86,Cash,3
2023-06-18,17.76,2581.04,2758.7,Mobile Payment,4
2023-06-08,2.94,802.8,941.3,Mobile Payment,2
2023-06-07,16.73,2457.47,2516.07,Mobile Payment,3
2023-06-20,8.34,1451.06,1687.07,Cash,1
2023-06-17,14.64,2207.04,2607.94,Credit Card,1
2023-06-20,19.16,2748.66,3174.89,Mobile Payment,2
2023-06-22,3.09,820.48,843.86,Mobile Payment,3
2023-06-03,20.89,2956.57,3412.68,Cash,1
2023-06-29,23.55,3275.47,3754.85,Mobile Payment,4
2023-06-01,13.4,2057.64,2399.41,Cash,1
2023-06-21,12.43,1942.0,2324.02,Mobile Payment,2
2023-06-23,7.02,1292.79,1475.62,Credit Card,3
2023-06-03,16.0,2370.39,2435.67,Mobile Payment,4
2023-06-28,6.6,1242.57,1402.29,Cash,2
2023-06-04,23.63,3285.36,3719.08,Mobile Payment,2
2023-06-15,4.63,1006.02,1145.71,Cash,3
2023-06-18,18.88,2715.22,3196.12,Credit Card,1
2023-06-29,17.85,2591.88,2793.28,Mobile Payment,1
2023-06-11,17.09,2501.39,2822.54,Mobile Payment,3
2023-06-18,11.6,1842.2,2280.0,Cash,3
2023-06-21,2.84,791.01,969.54,Mobile Payment,2
2023-06-29,15.11,2262.83,2267.34,Mobile Payment,4
2023-06-25,7.22,1316.21,1367.45,Cash,3
2023-06-02,11.13,1785.32,2030.65,Credit Card,4
2023-06-24,11.41,1819.52,2245.57,Credit Card,4
2023-06-22,1.0,570.19,605.46,Credit Card,1
2023-06-01,12.2,1914.01,1999.01,Mobile Payment,3
2023-06-18,23.17,3230.59,3900.27,Credit Card,4
2023-06-12,19.05,2735.46,2857.03,Credit Card,4
2023-06-24,2.83,790.08,816.06,Credit Card,3
2023-06-02,15.72,2336.9,2818.31,Cash,2
2023-06-28,17.61,2563.42,2741.56,Credit Card,2
2023-06-26,10.76,1741.72,1778.86,Mobile Payment,2
2023-06-07,12.84,1990.61,2483.68,Mobile Payment,2
2023-06-21,17.77,2581.94,2830.67,Cash,2
2023-06-19,15.5,2309.5,2668.78,Credit Card,1
2023-06-13,10.9,1757.92,2191.84,Cash,3
2023-06-08,7.12,1304.05,1358.5,Mobile Payment,3
2023-06-01,22.57,3158.28,3590.89,Credit Card,4
2023-06-27,17.22,2516.99,2827.22,Mobile Payment,1
2023-06-21,21.85,3071.77,3249.45,Mobile Payment,1
2023-06-18,9.85,1631.53,1879.79,Cash,1
2023-06-21,13.75,2100.03,2153.64,Cash,4
2023-06-15,6.19,1192.2,1326.11,Mobile Payment,4
2023-06-04,11.58,1839.94,1870.77,Mobile Payment,1
2023-06-21,6.8,1265.86,1451.09,Cash,1
2023-06-18,2.04,694.76,722.64,Mobile Payment,4
2023-06-14,0.74,538.8,563.25,Cash,1
2023-06-15,8.56,1477.19,1755.69,Cash,3
2023-06-15,16.89,2476.63,2914.71,Mobile Payment,2
2023-06-03,12.55,1955.55,2067.26,Credit Card,1
2023-06-18,22.61,3163.01,3939.53,Credit Card,2
2023-06-18,8.82,1508.48,1688.65,Cash,2
2023-06-02,2.49,748.92,768.48,Credit Card,3
2023-06-03,13.82,2108.63,2505.2,Credit Card,4
2023-06-12,11.37,1813.81,2264.54,Cash,3
2023-06-30,3.86,913.55,1092.6,Cash,4
2023-06-06,10.1,1661.54,1933.45,Credit Card,4
2023-06-30,0.67,530.13,662.58,Mobile Payment,4
2023-06-02,13.07,2017.97,2167.51,Mobile Payment,4
2023-06-09,24.09,3340.7,4026.97,Mobile Payment,3
2023-06-09,12.31,1927.04,1989.28,Cash,3
2023-06-27,3.33,850.05,1060.28,Credit Card,2
2023-06-30,17.71,2574.73,2666.11,Cash,3
2023-06-13,16.07,2377.93,2677.32,Credit Card,4
2023-06-08,11.21,1795.74,2127.38,Cash,4
2023-06-15,6.47,1226.77,1445.27,Credit Card,3
2023-06-06,1.09,580.59,684.38,Mobile Payment,4
2023-06-06,10.47,1706.76,1806.72,Cash,3
2023-06-13,1.24,598.84,604.65,Credit Card,1
2023-06-09,6.27,1202.6,1407.42,Cash,3
2023-06-04,15.81,2346.79,2408.72,Mobile Payment,1
2023-06-10,1.47,626.28,686.92,Cash,1
2023-06-21,9.04,1535.36,1606.36,Cash,2
2023-06-22,14.95,2244.42,2514.4,Cash,2
2023-06-16,0.65,527.74,625.95,Cash,3
2023-06-06,19.03,2733.43,3229.99,Mobile Payment,3
2023-06-09,10.7,1734.07,2089.14,Mobile Payment,2
2023-06-20,13.85,2111.71,2550.37,Mobile Payment,3
2023-06-15,12.73,1977.58,2437.62,Credit Card,2
2023-06-24,14.62,2204.48,2711.13,Mobile Payment,4
2023-06-02,6.71,1254.67,1466.68,Mobile Payment,3
2023-06-16,12.8,1986.24,2245.63,Mobile Payment,2
2023-06-20,3.51,871.67,1081.92,Mobile Payment,2
2023-06-06,22.55,3155.79,3486.33,Mobile Payment,2
2023-06-01,23.75,3299.69,3824.9,Mobile Payment,4
2023-06-25,16.15,2387.59,2927.06,Mobile Payment,4
2023-06-29,11.09,1780.7,2080.93,Credit Card,2
2023-06-02,3.71,894.74,952.95,Cash,3
2023-06-04,10.13,1665.1,2053.15,Cash,3
2023-06-14,16.89,2477.31,2553.7,Credit Card,2
2023-06-14,21.51,3031.77,3158.16,Cash,4
2023-06-26,21.91,3079.17,3427.02,Mobile Payment,3
2023-06-17,6.07,1178.19,1358.09,Credit Card,2
2023-06-07,16.07,2378.69,2513.03,Cash,2
2023-06-01,8.94,1523.38,1608.96,Credit Card,2
2023-06-17,2.02,691.81,768.09,Mobile Payment,2
2023-06-21,17.42,2539.81,2817.59,Credit Card,1
2023-06-25,24.51,3390.78,3972.13,Cash,2
2023-06-15,22.24,3118.72,3859.41,Credit Card,1
2023-06-28,24.45,3384.37,3467.6,Credit Card,3
2023-06-06,19.13,2746.13,3356.3,Credit Card,4
2023-06-06,3.87,913.83,959.85,Cash,1
2023-06-11,9.48,1587.05,1715.91,Mobile Payment,1
2023-06-02,2.48,748.11,805.38,Credit Card,4
2023-06-07,11.81,1867.29,2267.83,Cash,1
2023-06-09,6.46,1225.05,1269.73,Credit Card,4
2023-06-19,8.14,1426.86,1586.14,Credit Card,3
2023-06-22,24.78,3423.62,4033.05,Credit Card,3
2023-06-20,20.11,2862.79,3186.08,Cash,1
2023-06-13,24.87,3434.38,3530.25,Credit Card,2
2023-06-05,22.66,3169.72,3398.47,Cash,1
2023-06-16,6.21,1195.7,1269.94,Cash,2
2023-06-14,2.03,693.77,852.67,Mobile Payment,1
2023-06-26,14.82,2228.42,2421.78,Mobile Payment,4
2023-06-30,3.68,891.28,1027.14,Mobile Payment,2
2023-06-06,24.79,3424.99,3922.47,Mobile Payment,2
2023-06-29,0.98,567.4,642.49,Mobile Payment,4
2023-06-26,16.35,2412.01,2690.96,Mobile Payment,2
2023-06-21,12.64,1967.32,2443.18,Cash,1
2023-06-27,11.6,1841.45,1940.98,Cash,2
2023-06-22,10.94,1762.58,1782.75,Cash,4
2023-06-27,15.81,2346.65,2737.34,Cash,1
2023-06-16,10.4,1698.15,1920.7,Cash,1
2023-06-07,5.42,1100.89,1263.47,Credit Card,4
2023-06-22,20.97,2965.84,2989.62,Mobile Payment,4
2023-06-03,2.08,699.96,777.29,Cash,3
2023-06-14,19.39,2777.31,3048.0,Mobile Payment,1
2023-06-28,23.77,3301.88,3893.88,Cash,3
2023-06-23,1.19,592.35,601.92,Cash,1
2023-06-22,7.98,1407.28,1590.07,Cash,4
2023-06-08,11.37,1814.17,1879.16,Cash,4
2023-06-19,23.94,3322.47,4151.35,Credit Card,3
2023-06-19,1.66,649.65,723.21,Mobile Payment,4
2023-06-29,5.06,1057.31,1189.13,Cash,2
2023-06-06,19.75,2819.87,3172.67,Mobile Payment,1
2023-06-15,5.74,1139.0,1277.06,Credit Card,1
2023-06-25,18.53,2673.75,2848.06,Cash,2
2023-06-26,11.4,1818.19,1893.02,Mobile Payment,1
2023-06-11,14.1,2142.04,2568.4,Credit Card,3
2023-07-01,7.92,1400.76,1729.5,Credit Card,2
2023-06-03,23.37,3254.89,3740.41,Mobile Payment,1
2023-06-27,17.08,2500.04,2775.39,Cash,3
2023-06-21,20.43,2901.5,3094.77,Credit Card,3
2023-06-04,11.55,1836.0,2193.34,Credit Card,2
2023-06-06,15.21,2275.65,2761.36,Cash,2
2023-06-18,1.39,617.15,644.07,Cash,4
2023-06-05,12.44,1943.0,2235.2,Cash,3
2023-06-01,2.82,788.98,931.79,Mobile Payment,4
2023-06-20,16.51,2431.61,2586.65,Credit Card,3
2023-06-08,18.57,2677.89,2892.67,Credit Card,2
2023-06-21,19.64,2806.8,3373.65,Cash,3
2023-06-10,18.11,2623.75,2679.61,Cash,3
2023-07-01,8.37,1454.48,1688.02,Credit Card,2
2023-06-02,22.32,3128.87,3476.38,Mobile Payment,4
2023-06-14,20.34,2890.53,2937.92,Cash,1
2023-06-10,18.96,2725.14,3264.6,Mobile Payment,4
2023-06-29,2.52,752.57,871.84,Cash,1
2023-06-30,17.68,2571.45,3204.05,Credit Card,1
2023-06-13,23.81,3306.65,3527.74,Credit Card,2
2023-06-04,7.79,1384.55,1630.97,Cash,2
2023-06-15,13.44,2063.25,2392.15,Credit Card,3
2023-06-13,19.91,2838.64,2911.74,Cash,3
2023-07-01,14.31,2167.52,2330.11,Credit Card,1
2023-06-10,3.64,886.56,935.4,Credit Card,4
2023-06-29,21.09,2980.86,3494.46,Credit Card,2
2023-06-30,22.83,3189.42,3885.63,Cash,4
2023-06-08,22.52,3152.64,3545.26,Mobile Payment,1
2023-06-05,24.06,3336.69,3813.4,Credit Card,3
2023-06-27,5.74,1138.64,1280.48,Credit Card,3
2023-06-04,6.1,1182.52,1283.18,Credit Card,1
2023-06-15,0.63,525.1,538.49,Credit Card,1
2023-06-29,2.46,744.95,811.82,Cash,4
2023-06-24,16.92,2480.63,2534.39,Cash,3
2023-06-24,18.89,2716.63,2826.12,Mobile Payment,4
2023-06-09,19.52,2792.61,2982.47,Cash,2
2023-06-25,8.38,1455.21,1741.1,Credit Card,4
2023-06-09,10.41,1699.31,1775.04,Mobile Payment,3
2023-06-03,6.63,1245.96,1275.83,Credit Card,4
2023-06-07,14.65,2208.57,2757.89,Mobile Payment,2
2023-06-08,19.08,2740.16,3102.7,Credit Card,3
2023-06-13,7.34,1330.52,1566.02,Credit Card,4
2023-06-29,2.63,765.55,767.58,Cash,3
2023-06-23,14.22,2156.62,2674.02,Cash,4
2023-06-01,7.93,1402.01,1426.51,Credit Card,4
2023-06-30,10.57,1718.08,1838.53,Cash,4
2023-06-14,24.92,3440.52,3451.04,Mobile Payment,3
2023-06-03,3.2,834.59,857.75,Cash,1
2023-06-27,0.9,557.95,662.99,Credit Card,3
2023-06-30,4.71,1015.32,1159.82,Cash,1
2023-06-21,15.48,2307.77,2852.08,Mobile Payment,4
2023-06-09,9.58,1599.77,1723.43,Mobile Payment,2
2023-06-22,20.84,2951.24,3679.17,Mobile Payment,1
2023-06-27,0.64,527.18,564.75,Cash,2
2023-06-27,0.85,551.79,681.7,Mobile Payment,4
2023-06-05,2.11,703.68,822.4,Credit Card,3
2023-06-23,5.71,1134.68,1413.87,Mobile Payment,4
2023-06-25,8.54,1474.23,1610.59,Credit Card,2
2023-06-08,7.43,1341.98,1354.25,Cash,3
2023-06-07,20.08,2859.32,3402.07,Mobile Payment,4
2023-06-19,1.98,687.53,807.84,Mobile Payment,1
2023-06-12,23.28,3243.14,3615.43,Cash,4
2023-06-06,21.35,3012.24,3322.92,Credit Card,3
2023-06-08,7.12,1304.22,1328.63,Cash,2
2023-06-08,5.76,1140.74,1374.69,Mobile Payment,2
2023-06-19,1.47,626.97,751.21,Cash,3
2023-06-02,3.16,829.02,861.01,Cash,2
2023-06-21,2.82,787.87,890.25,Cash,4
2023-06-24,0.66,529.74,552.4,Mobile Payment,1
2023-06-21,10.11,1662.8,1798.92,Cash,2
2023-06-22,17.96,2605.1,2718.97,Credit Card,4
2023-06-21,11.59,1840.91,2028.12,Credit Card,4
2023-06-05,13.25,2039.99,2533.54,Mobile Payment,2
2023-06-12,15.62,2324.91,2662.16,Cash,1
2023-06-18,3.67,890.81,1112.23,Cash,2
2023-06-15,1.6,642.27,733.78,Cash,1
2023-06-19,23.83,3309.13,3338.12,Mobile Payment,2
2023-06-06,19.12,2744.68,2821.06,Mobile Payment,1
2023-06-08,17.16,2509.78,2920.75,Credit Card,3
2023-06-14,18.08,2619.05,2692.88,Credit Card,2
2023-06-10,24.14,3346.85,3813.99,Cash,4
2023-06-14,6.43,1222.01,1439.4,Credit Card,4
2023-06-10,21.3,3005.96,3324.58,Cash,4
2023-06-29,14.39,2176.27,2235.62,Credit Card,3
2023-06-05,10.05,1656.49,2030.54,Mobile Payment,4
2023-06-11,12.97,2006.74,2228.82,Mobile Payment,2
2023-06-28,12.81,1987.23,2449.67,Credit Card,2
2023-06-03,14.37,2174.46,2404.05,Credit Card,4
2023-06-23,16.07,2378.36,2379.39,Cash,2
2023-06-17,19.23,2757.71,3347.84,Mobile Payment,3
2023-06-20,23.55,3275.71,4005.52,Cash,2
2023-06-12,22.08,3099.82,3378.78,Mobile Payment,2
2023-06-10,19.98,2847.7,3470.81,Mobile Payment,2
2023-06-27,13.65,2088.39,2542.53,Mobile Payment,2
2023-06-11,12.41,1939.72,2390.19,Credit Card,1
2023-06-15,21.43,3021.51,3461.99,Mobile Payment,2
2023-06-03,7.82,1388.46,1409.52,Cash,1
2023-06-06,1.79,664.42,767.61,Credit Card,4
2023-06-25,9.67,1610.39,1888.69,Credit Card,2
2023-06-04,12.49,1948.76,2026.91,Credit Card,2
2023-06-30,2.54,754.92,872.62,Credit Card,2
2023-06-29,22.85,3191.96,3579.59,Credit Card,3
2023-06-27,2.72,775.99,825.51,Credit Card,2
2023-06-11,4.09,940.24,1023.54,Cash,1
2023-06-27,24.34,3370.36,3996.85,Cash,3
2023-06-30,6.92,1279.93,1368.78,Cash,3
2023-06-08,4.88,1035.72,1207.1,Credit Card,4
2023-06-11,9.48,1587.47,1659.62,Mobile Payment,3
2023-06-04,12.43,1941.84,2184.62,Mobile Payment,1
2023-06-27,7.65,1368.09,1398.93,Mobile Payment,3
2023-06-19,10.63,1726.08,1887.71,Cash,2
2023-06-05,13.05,2016.15,2418.26,Cash,3
2023-06-29,13.95,2124.39,2654.96,Mobile Payment,3
2023-06-15,3.62,884.08,963.63,Cash,4
2023-06-25,18.1,2621.99,3077.26,Credit Card,2
2023-06-30,6.34,1211.26,1393.27,Credit Card,1
2023-06-09,0.88,555.59,688.59,Cash,2
2023-06-26,16.86,2473.43,2849.38,Mobile Payment,4
2023-06-10,2.89,796.3,821.2,Cash,4
2023-06-02,10.75,1740.27,1897.59,Cash,3
2023-06-29,18.07,2618.59,3051.4,Cash,1
2023-06-24,5.11,1063.66,1220.41,Credit Card,2
2023-06-09,24.73,3418.14,3681.8,Credit Card,1
2023-06-05,10.42,1699.98,1887.02,Mobile Payment,4
2023-06-05,20.53,2914.02,3561.88,Mobile Payment,1
2023-06-08,5.99,1169.24,1184.44,Credit Card,4
2023-06-11,19.75,2819.91,3490.89,Cash,4
2023-06-25,13.35,2051.65,2123.19,Mobile Payment,3
2023-06-14,23.38,3255.17,3945.24,Mobile Payment,3
2023-06-29,4.75,1019.79,1037.33,Mobile Payment,2
2023-06-23,2.27,722.96,841.98,Cash,1
2023-06-11,24.92,3439.94,3775.65,Cash,4
2023-06-23,13.39,2056.93,2458.93,Cash,3
2023-06-10,5.55,1115.91,1199.27,Mobile Payment,2
2023-06-29,4.04,935.3,1001.28,Mobile Payment,3
2023-06-09,17.46,2545.78,3119.78,Mobile Payment,2
2023-06-01,14.94,2242.26,2496.94,Credit Card,1
2023-06-26,18.25,2639.48,2822.68,Credit Card,2
2023-06-13,22.79,3185.03,3225.5,Mobile Payment,1
2023-06-23,5.36,1092.64,1162.45,Credit Card,2
2023-06-09,7.9,1397.71,1526.48,Credit Card,1
2023-06-07,8.62,1484.97,1662.55,Mobile Payment,3
2023-07-01,1.53,633.94,690.61,Credit Card,4
2023-06-26,2.7,774.16,907.41,Mobile Payment,4
2023-06-01,22.89,3197.35,3246.39,Credit Card,3
2023-06-10,1.83,669.67,711.81,Credit Card,3
2023-06-04,20.36,2893.0,3474.3,Cash,4
2023-06-16,13.81,2107.4,2190.87,Credit Card,3
2023-06-24,6.89,1276.89,1456.12,Credit Card,3
2023-06-01,20.55,2916.13,3522.25,Mobile Payment,3
2023-07-01,1.61,642.99,693.75,Credit Card,3
2023-06-13,11.62,1844.1,2156.74,Cash,4
2023-06-20,11.36,1812.86,2248.52,Mobile Payment,4
2023-06-01,16.9,2477.79,2736.93,Credit Card,2
2023-06-29,17.67,2570.06,2715.89,Credit Card,4
2023-06-07,7.82,1388.44,1423.4,Credit Card,4
2023-06-01,2.42,740.38,753.53,Credit Card,3
2023-06-27,2.39,737.19,896.84,Cash,3
2023-06-21,24.46,3385.17,3596.88,Credit Card,4
2023-06-08,13.58,2079.58,2222.56,Mobile Payment,4
2023-06-18,9.86,1633.75,1817.86,Mobile Payment,2
2023-06-28,22.64,3166.8,3470.28,Cash,2
2023-06-08,19.53,2793.94,3166.65,Cash,3
2023-06-20,19.47,2786.05,3284.03,Cash,2
2023-06-13,3.62,884.12,998.73,Cash,3
2023-06-24,13.35,2052.31,2427.18,Credit Card,4
2023-06-20,9.19,1553.11,1911.71,Mobile Payment,4
2023-06-20,7.69,1372.73,1493.79,Mobile Payment,1
2023-06-11,11.98,1887.7,1948.89,Credit Card,3
2023-06-09,8.12,1424.81,1534.04,Cash,3
2023-06-30,12.12,1904.96,2355.78,Mobile Payment,1
2023-07-01,4.66,1009.57,1257.04,Credit Card,1
2023-06-29,11.47,1825.92,2275.38,Mobile Payment,4
2023-06-07,6.98,1287.91,1566.14,Cash,3
2023-06-30,22.04,3094.96,3824.3,Cash,3
2023-06-01,23.56,3277.39,3533.56,Mobile Payment,1
2023-06-16,22.92,3200.03,3420.51,Mobile Payment,1
2023-06-16,18.67,2690.1,2872.11,Mobile Payment,4
2023-06-27,20.56,2917.3,3464.23,Cash,3
2023-06-29,9.56,1597.63,1900.71,Cash,4
2023-07-01,9.04,1535.29,1546.56,Cash,2
2023-06-30,20.36,2893.13,3203.46,Credit Card,3
2023-06-25,2.4,738.49,896.82,Cash,2
2023-06-19,4.89,1036.94,1296.01,Mobile Payment,2
2023-06-04,13.26,2040.95,2091.23,Mobile Payment,1
2023-06-14,21.92,3080.1,3190.33,Credit Card,4
2023-06-17,12.31,1926.97,2181.99,Mobile Payment,4
2023-06-27,0.61,522.65,612.61,Mobile Payment,2
2023-06-10,14.17,2150.17,2352.28,Cash,2
2023-06-13,17.96,2604.63,3219.79,Mobile Payment,1
2023-06-22,13.46,2065.32,2123.35,Cash,1
2023-06-30,11.59,1840.43,2151.32,Mobile Payment,2
2023-06-04,9.89,1636.97,1875.56,Cash,3
2023-06-05,24.01,3331.19,3740.66,Cash,2
